,release_date,action,adventure,animation,children,comedy,crime,documentary,drama,fantasy,film_noir,horror,musical,mystery,romance,sci_fi,thriller,war,western
0,0.3330322393703573,0,0,1,1,1,0,0,0,0,0,0,0,0,0,0,0,0,0
1,0.3330322393703573,1,1,0,0,0,0,0,0,0,0,0,0,0,0,0,1,0,0
2,0.3330322393703573,0,0,0,0,0,0,0,0,0,0,0,0,0,0,0,1,0,0
3,0.3330322393703573,1,0,0,0,1,0,0,1,0,0,0,0,0,0,0,0,0,0
4,0.3330322393703573,0,0,0,0,0,1,0,1,0,0,0,0,0,0,0,1,0,0
5,0.3330322393703573,0,0,0,0,0,0,0,1,0,0,0,0,0,0,1,0,0,0
6,0.3330322393703573,0,0,0,1,1,0,0,1,0,0,0,0,0,0,0,0,0,0
7,0.3330322393703573,0,0,0,0,0,0,0,1,0,0,0,0,0,0,0,0,0,0
8,0.43502744844756025,0,0,0,0,0,0,0,1,0,0,0,0,0,0,0,0,1,0
9,0.3330322393703573,0,0,0,0,0,1,0,0,0,0,0,0,0,0,0,1,0,0
10,0.39248540528323467,0,0,0,0,0,1,0,0,0,0,0,0,0,0,0,1,0,0
11,0.412831599840086,0,0,0,0,1,0,0,0,0,0,0,0,0,0,0,0,0,0
12,0.23658599244502299,0,0,0,0,0,0,0,1,0,0,0,0,0,1,0,0,0,0
13,0.43687710249818307,0,0,0,0,0,0,0,1,0,0,0,0,0,0,0,0,0,0
14,0.3330322393703573,0,0,0,0,1,0,0,0,0,0,0,0,0,1,0,0,0,0
15,0.43872675654880594,1,0,0,0,1,1,0,0,0,0,1,0,0,0,0,1,0,0
16,0.3330322393703573,0,0,0,0,0,0,0,1,0,0,0,0,0,0,0,0,0,0
17,0.3330322393703573,0,0,0,0,0,0,0,1,0,0,0,0,0,1,0,0,0,0
18,0.44163335577121327,1,1,0,0,1,0,0,0,0,0,0,1,0,0,0,1,0,0
19,0.44163335577121327,1,0,0,0,0,0,0,1,0,0,0,0,0,0,0,0,1,0
20,0.44163335577121327,0,0,0,0,0,0,0,1,0,0,0,0,0,0,0,1,0,0
21,0.44348300982183614,1,1,0,0,0,1,0,0,0,0,0,0,0,0,0,0,0,0
22,0.44718231792308183,0,0,0,0,1,0,0,0,0,0,0,0,0,0,0,0,0,0
23,0.3330322393703573,0,0,0,0,1,0,0,0,0,0,0,0,0,0,0,0,0,0
24,0.3330322393703573,1,0,0,0,0,0,0,0,0,0,0,0,0,0,0,0,0,0
25,0.3330322393703573,1,0,0,0,0,0,0,1,0,0,0,0,0,0,0,1,0,0
26,0.3330322393703573,1,1,0,0,1,1,0,0,0,0,0,0,0,0,0,0,0,0
27,-2.3693123285896274,0,0,0,0,0,0,0,1,0,0,0,0,0,0,0,0,0,0
28,0.3330322393703573,0,0,0,0,0,0,0,1,0,0,0,0,0,0,0,1,1,0
29,0.23658599244502299,0,0,0,0,0,0,1,0,0,0,0,0,0,0,0,0,0,0
30,0.3330322393703573,1,0,0,0,0,0,0,0,0,0,0,0,0,1,0,1,0,0
31,0.3330322393703573,0,0,0,0,0,0,0,0,0,0,0,0,0,0,1,1,0,0
32,0.3330322393703573,1,0,0,0,0,1,0,0,0,0,0,0,0,0,1,0,0,0
33,0.3330322393703573,0,0,0,0,1,0,0,0,0,0,0,0,0,0,0,0,0,0
34,0.3330322393703573,0,0,0,0,1,0,0,0,0,0,0,0,0,0,0,0,0,0
35,0.23658599244502299,0,0,0,0,1,0,0,0,0,0,0,0,0,0,0,0,0,0
36,0.23658599244502299,0,0,0,0,0,0,0,1,0,0,0,0,0,0,0,1,0,0
37,0.23658599244502299,0,0,0,0,0,0,0,1,0,0,0,0,0,0,0,1,0,0
38,0.23658599244502299,0,0,0,0,1,0,0,1,0,0,0,0,0,0,0,0,0,0
39,0.23658599244502299,0,0,0,0,1,0,0,1,0,0,0,0,0,0,0,0,0,0
40,0.23658599244502299,0,0,0,0,0,0,1,0,0,0,0,0,0,0,0,0,0,0
41,0.23658599244502299,0,0,0,0,1,0,0,0,0,0,0,0,0,1,0,0,0,0
42,-1.4040571504574453,1,1,0,0,0,0,0,0,0,0,0,0,0,1,1,0,1,0
43,0.23658599244502299,0,0,0,0,0,0,0,1,0,0,0,0,0,1,0,0,1,1
44,0.23658599244502299,0,0,0,0,0,0,0,1,0,0,0,0,0,0,0,0,0,0
45,0.23658599244502299,1,0,0,0,0,0,0,0,0,0,0,0,0,0,0,1,0,0
46,0.3330322393703573,1,0,0,0,0,0,0,1,0,0,0,0,0,0,0,1,0,0
47,0.23658599244502299,0,0,0,0,0,1,0,1,0,0,0,0,0,1,0,1,0,0
48,0.23658599244502299,0,0,0,0,0,1,0,1,0,0,0,0,0,0,0,0,0,0
49,0.23658599244502299,0,0,0,0,0,0,0,1,0,0,0,0,0,0,0,0,0,0
50,0.23658599244502299,0,0,0,0,0,0,0,1,0,0,0,0,0,0,0,0,0,0
51,0.23658599244502299,0,0,0,0,0,0,0,1,0,0,0,0,0,0,0,0,0,0
52,0.14013974551968864,0,0,0,0,0,0,0,1,0,0,0,0,0,0,0,0,0,0
53,0.23658599244502299,0,0,0,0,0,0,0,1,0,0,0,0,0,0,0,0,0,0
54,0.23658599244502299,1,1,0,0,0,0,0,0,0,0,0,0,0,0,1,0,0,0
55,0.23658599244502299,0,0,0,1,1,0,0,0,0,0,0,0,0,0,0,0,0,0
56,0.23658599244502299,0,0,0,0,0,0,0,1,0,0,0,0,0,0,0,0,0,0
57,0.14013974551968864,0,0,0,0,1,0,0,1,0,0,0,0,0,0,0,0,0,0
58,0.3330322393703573,0,0,0,0,1,0,0,0,0,0,0,0,0,1,0,0,0,0
59,0.23658599244502299,0,0,0,0,1,0,0,0,0,0,0,0,0,0,0,0,0,0
60,0.23658599244502299,1,0,0,0,0,0,0,0,0,0,0,0,0,1,0,1,0,0
61,0.23658599244502299,0,0,0,0,1,0,0,0,0,0,0,0,0,1,0,0,1,0
62,0.23658599244502299,0,0,0,0,1,0,0,0,0,0,0,0,0,1,0,0,0,0
63,0.23658599244502299,0,0,1,1,0,0,0,0,0,0,0,1,0,0,0,0,0,0
64,0.23658599244502299,0,0,0,0,1,1,0,0,1,0,0,0,0,0,0,0,0,0
65,0.23658599244502299,1,0,0,0,1,0,0,0,0,0,0,0,0,0,0,0,0,1
66,0.14013974551968864,0,0,0,0,0,1,0,1,0,0,0,0,0,0,0,0,0,0
67,0.14013974551968864,0,0,0,0,0,0,0,1,0,0,0,0,0,0,0,1,0,0
68,0.14013974551968864,0,1,0,1,0,0,0,1,0,0,0,0,0,0,0,0,0,0
69,0.14013974551968864,1,0,0,0,0,0,0,0,0,0,0,0,0,0,0,1,0,0
70,0.14013974551968864,1,0,0,0,1,0,0,0,0,0,0,0,0,0,0,0,1,0
71,0.23658599244502299,0,0,0,0,1,0,0,0,0,0,0,0,0,1,0,0,0,0
72,0.14013974551968864,1,1,0,0,0,0,0,0,0,0,0,0,0,0,1,0,0,0
73,0.14013974551968864,0,0,0,0,1,0,0,0,0,0,0,0,0,1,0,0,0,0
74,0.23658599244502299,0,0,0,0,1,0,0,0,0,0,0,0,0,0,0,0,0,0
75,0.14013974551968864,0,0,0,0,0,0,0,1,0,0,0,0,0,0,0,0,0,0
76,0.14013974551968864,0,0,0,0,0,0,0,1,0,0,0,0,0,0,0,0,0,0
77,0.14013974551968864,0,0,0,0,1,0,0,0,0,0,0,0,0,1,0,0,0,0
78,-0.9215616795378275,0,0,0,0,0,0,0,0,0,1,0,0,0,0,1,0,0,0
79,0.14013974551968864,0,0,0,0,1,0,0,0,0,0,0,0,0,1,0,1,0,0
80,0.14013974551968864,0,0,0,1,1,0,0,0,0,0,0,1,0,0,0,0,0,0
81,0.14013974551968864,1,0,0,0,0,1,0,0,0,0,0,0,0,1,0,0,0,0
82,0.46752851247993316,0,0,0,0,1,0,0,1,0,0,0,0,0,0,0,0,0,0
83,-0.1494632315492605,0,0,0,1,1,0,0,0,0,0,0,0,0,0,0,0,0,0
84,0.04342926230140818,0,0,1,1,1,0,0,0,0,0,0,1,0,0,0,0,0,0
85,-0.053016984623926164,1,0,0,0,0,0,0,0,0,0,0,0,0,0,1,1,0,0
86,-0.1494632315492605,0,1,0,0,0,0,0,1,0,0,0,0,0,0,0,0,0,1
87,-0.053016984623926164,0,0,0,0,0,0,0,1,0,0,0,0,0,0,0,1,0,0
88,0.5378153664036015,0,0,0,0,0,1,0,1,0,0,0,0,0,0,0,1,0,0
89,-1.000568331128718,1,1,1,0,0,0,0,0,0,0,1,0,0,0,1,0,0,0
90,-2.079709351520678,0,0,1,1,0,0,0,0,0,0,0,0,0,0,0,0,0,0
91,0.4527312800749504,0,0,0,0,1,0,0,0,0,0,0,0,0,0,0,0,0,0
92,0.4294784862956917,0,0,0,0,0,0,0,1,0,0,0,0,0,0,0,1,0,0
93,0.4730774746318017,0,0,0,0,0,0,0,1,0,0,0,0,0,0,0,0,0,0
94,0.4564305881761961,0,0,0,0,1,0,0,0,0,0,0,0,0,0,0,0,0,0
95,0.4582802422268189,0,0,0,0,1,0,0,0,0,0,0,0,0,0,1,0,0,0
96,0.3330322393703573,1,1,0,0,1,0,0,0,0,0,0,0,0,0,0,0,1,0
97,0.4601298962774418,0,0,0,0,1,0,0,0,0,0,0,0,0,1,0,0,0,0
98,0.4545809341255732,0,0,1,0,0,0,0,0,0,0,0,0,0,0,0,0,0,0
99,0.4593371873986034,0,0,0,0,1,0,0,0,0,0,0,0,0,0,0,0,0,0
100,0.47122782058117885,1,1,0,0,0,0,0,0,0,0,0,0,0,0,0,1,0,0
101,0.46382920437868747,1,1,0,0,0,0,0,0,0,0,0,0,0,0,0,1,0,0
102,0.4767767827330474,0,0,0,0,1,1,0,0,0,0,0,0,0,0,0,0,0,0
103,0.478097964197778,1,0,0,0,0,0,0,0,0,0,0,0,0,0,1,0,1,0
104,0.4730774746318017,0,0,0,0,1,0,0,0,0,0,0,0,0,0,0,0,0,0
105,0.482325744884916,0,0,0,0,1,0,0,0,0,0,1,0,0,0,0,0,0,0
106,0.4749271286824246,0,0,0,0,0,0,0,1,0,0,0,0,1,0,0,0,0,0
107,0.47704101902599355,0,0,0,0,0,0,0,1,0,0,0,0,0,1,0,0,0,0
108,0.4952733232392759,0,0,0,0,0,0,0,1,0,0,0,0,0,0,0,0,0,0
109,-1.8868168576700093,1,0,0,0,0,1,0,1,0,0,0,0,0,0,0,0,0,0
110,0.48417539893553885,1,0,0,0,0,0,0,0,0,0,0,0,0,0,0,1,0,0
111,0.5026719394417674,0,0,0,0,0,1,0,1,0,0,0,0,0,1,0,1,0,0
112,-2.9482540464345792,0,0,0,0,0,0,0,1,0,0,0,0,0,1,0,0,0,0
113,-2.2728660816642927,0,0,0,0,0,0,0,1,0,0,0,0,1,0,1,1,0,0
114,0.4989726313405216,0,0,0,0,0,0,0,1,0,0,0,0,0,0,0,0,0,0
115,-2.1761555984460124,0,0,0,1,1,0,0,0,0,0,0,0,0,0,0,0,0,0
116,0.14013974551968864,0,1,0,1,0,0,0,0,0,0,0,0,0,0,0,0,0,0
117,-3.623906247497812,0,1,0,1,0,0,0,0,1,0,0,0,0,0,1,0,0,0
118,-1.9832631045953437,0,1,0,1,0,0,0,0,0,0,0,1,0,0,0,0,0,0
119,-2.562204822440296,0,0,0,0,0,0,0,0,0,0,0,1,0,0,0,0,0,0
120,-0.34261996169287534,1,0,0,0,0,0,0,0,0,0,0,0,0,0,0,1,0,0
121,0.04342926230140818,1,0,0,0,0,0,0,0,0,0,0,0,0,0,1,1,0,0
122,0.5029361757347135,1,0,0,0,0,0,0,0,0,0,0,0,0,0,0,1,0,0
123,0.5045215934923902,1,1,0,0,0,0,0,0,0,0,0,0,0,0,0,0,0,0
124,0.506371247543013,0,0,0,0,1,0,0,1,0,0,0,0,0,0,0,0,0,0
125,-1.9832631045953437,0,1,0,1,1,0,0,0,0,0,0,0,0,0,0,0,0,0
126,-1.790106374451729,0,0,0,0,1,0,0,0,0,0,0,0,0,0,1,0,0,0
127,-0.34261996169287534,0,0,0,0,1,0,0,0,0,0,0,0,0,0,0,0,0,0
128,-1.2111646566067766,0,0,0,0,1,0,0,0,0,0,0,0,0,0,0,0,0,0
129,-0.43906620861820966,0,0,0,0,0,0,0,0,0,0,0,1,0,1,0,0,0,0
130,0.04342926230140818,0,0,0,0,0,1,0,0,0,0,0,0,0,0,0,1,0,0
131,-0.535512455543544,0,0,0,0,0,0,0,1,0,0,0,0,0,0,0,0,1,0
132,-0.24590947847459485,0,0,0,0,1,0,0,0,0,0,0,0,0,0,0,0,0,0
133,0.04342926230140818,0,0,0,0,0,0,0,0,0,0,0,0,1,0,0,1,0,0
134,0.04342926230140818,0,0,0,0,0,0,0,1,0,0,0,0,0,0,0,0,0,0
135,-0.535512455543544,1,0,0,0,0,0,0,0,0,0,0,0,0,1,0,0,0,0
136,-1.0180079264631618,0,0,0,0,0,0,0,1,0,0,0,0,0,0,0,0,0,0
137,-1.6936601275263945,0,0,0,0,1,0,0,0,0,0,0,0,0,0,0,0,0,0
138,-0.24590947847459485,1,1,0,0,0,0,0,0,0,0,0,0,0,0,1,1,0,0
139,-0.535512455543544,0,0,0,0,0,0,0,1,0,0,0,0,0,0,0,0,0,0
140,-0.535512455543544,0,0,0,0,0,0,0,1,0,0,0,0,0,0,0,0,0,0
141,-1.1147184096814424,0,0,0,0,1,0,0,0,0,0,0,0,0,0,0,0,0,0
142,-1.6936601275263945,0,0,0,0,1,0,0,0,0,0,0,0,0,0,0,0,0,0
143,0.14013974551968864,0,0,1,0,1,0,0,0,0,0,0,0,0,0,0,0,0,0
144,-0.34261996169287534,0,0,0,0,1,0,0,1,0,0,0,0,0,1,0,0,0,0
145,-0.053016984623926164,0,0,0,0,1,0,0,0,0,0,0,0,0,0,1,0,0,0
146,-1.1147184096814424,1,1,0,0,0,0,0,1,0,0,0,0,0,1,1,0,1,0
147,-0.43906620861820966,1,1,0,0,1,0,0,0,0,0,0,0,0,1,0,0,0,0
148,-1.0180079264631618,1,1,0,0,0,0,0,0,0,0,0,0,0,0,0,0,0,0
149,-0.6319587024688783,0,0,0,0,0,0,0,0,0,0,0,0,0,0,1,0,0,0
150,-0.535512455543544,1,0,0,0,0,0,0,0,0,0,0,0,0,0,1,1,1,0
151,-2.4657585755149616,1,0,0,0,0,0,0,0,0,0,0,0,0,0,0,0,0,1
152,-3.3343032704288627,0,0,0,0,0,0,0,1,0,0,0,0,0,0,0,0,0,0
153,-1.9832631045953437,0,0,0,0,0,0,0,0,0,0,0,0,0,0,1,0,0,0
154,-1.2111646566067766,0,0,0,0,0,0,0,1,0,0,0,0,0,0,0,0,1,0
155,0.5452139826060929,1,1,0,0,0,0,0,0,0,0,0,0,0,1,1,0,1,0
156,-0.1494632315492605,0,0,0,0,0,1,0,1,0,0,0,0,0,0,0,0,0,0
157,-1.2111646566067766,1,0,0,0,0,0,0,0,0,0,1,0,0,0,1,1,0,0
158,0.14013974551968864,1,1,0,0,1,0,0,0,0,0,1,0,0,0,1,0,0,0
159,-3.04496452965286,0,0,0,0,0,0,0,0,0,0,1,0,0,1,0,1,0,0
160,-1.1147184096814424,1,0,0,0,1,0,0,0,0,0,0,1,0,0,0,0,0,0
161,-1.6936601275263945,1,0,0,0,0,1,0,1,0,0,0,0,0,0,0,0,0,0
162,-0.43906620861820966,1,0,0,0,0,0,0,1,0,0,0,0,0,0,0,0,1,0
163,0.04342926230140818,0,0,1,0,1,0,0,0,0,0,0,0,0,0,0,0,0,0
164,-0.24590947847459485,0,0,0,0,0,0,0,1,0,0,0,0,0,0,0,0,1,0
165,-0.7286691856871588,0,0,0,0,0,0,0,1,0,0,0,0,1,0,0,0,0,0
166,-1.1147184096814424,0,0,0,0,0,0,0,1,0,0,0,0,0,0,0,0,0,0
167,-0.8251154326124932,0,0,0,0,0,0,0,1,0,0,0,0,0,0,0,0,0,0
168,-1.790106374451729,0,0,0,0,1,1,0,0,0,0,0,0,0,0,0,0,0,0
169,-0.7286691856871588,1,0,0,0,0,0,0,0,0,0,0,0,0,0,1,1,0,0
170,-0.24590947847459485,0,0,0,0,0,0,0,1,0,0,0,0,0,0,0,0,0,0
171,-2.3693123285896274,0,0,0,0,0,0,0,1,0,0,0,0,0,1,0,0,0,0
172,-0.1494632315492605,0,0,0,0,0,0,0,0,0,0,0,0,0,0,0,1,0,0
173,-3.3343032704288627,0,0,0,0,0,0,0,1,0,0,0,0,0,0,0,0,1,0
174,-1.1147184096814424,0,0,0,0,0,0,0,0,0,0,1,0,0,0,0,0,0,0
175,-0.43906620861820966,1,1,0,0,1,0,0,0,0,0,1,0,0,0,0,0,0,0
176,0.14013974551968864,0,0,0,0,1,0,0,0,0,0,0,0,0,1,0,0,0,0
177,0.04342926230140818,0,0,0,0,0,0,0,0,0,0,0,0,0,0,0,0,0,1
178,-0.6319587024688783,0,0,0,0,1,0,0,0,0,0,0,0,0,0,1,0,0,0
179,-2.079709351520678,0,0,0,0,0,0,0,1,0,0,0,0,0,0,0,0,1,0
180,-0.34261996169287534,0,1,1,0,0,0,0,0,0,0,0,0,0,0,1,1,0,0
181,-0.1494632315492605,1,0,0,0,0,0,0,1,0,0,0,0,0,1,0,0,0,0
182,-1.6936601275263945,0,0,0,0,1,0,0,0,0,0,1,0,0,0,0,0,0,0
183,-0.7286691856871588,0,0,0,0,1,0,0,1,0,0,0,1,0,0,0,0,0,0
184,-0.24590947847459485,1,1,0,0,0,0,0,0,0,0,0,0,0,0,0,0,0,0
185,-2.079709351520678,0,0,0,0,1,0,0,0,0,0,0,0,0,0,0,0,1,0
186,-0.34261996169287534,0,0,0,0,0,0,0,1,0,0,0,0,0,0,0,0,0,0
187,-0.535512455543544,0,0,0,0,0,0,0,1,0,0,0,0,0,1,0,0,0,0
188,-0.9215616795378275,0,0,0,0,0,0,0,1,0,0,0,1,0,0,0,0,1,0
189,-0.24590947847459485,0,0,0,0,0,0,0,1,0,0,0,0,0,0,0,0,0,0
190,-0.24590947847459485,0,0,0,0,1,0,0,0,0,0,0,0,0,1,0,0,0,0
191,0.04342926230140818,0,0,0,0,0,0,0,0,0,0,1,0,0,1,0,0,0,0
192,-0.053016984623926164,0,0,0,0,0,0,0,0,0,0,0,0,0,0,0,1,0,0
193,-0.7286691856871588,0,0,0,0,0,0,0,0,0,0,1,0,0,0,0,0,0,0
194,0.5137698637455045,0,0,0,0,1,0,0,0,0,0,0,0,0,1,0,0,0,0
195,0.5137698637455045,0,0,0,0,0,0,0,1,0,0,0,0,0,0,0,0,0,0
196,0.5156195177961272,1,1,0,0,0,0,0,0,0,0,0,0,0,0,1,0,0,0
197,0.5156195177961272,0,0,0,0,0,0,0,1,0,0,0,0,0,0,0,1,0,0
198,0.5169406992608578,0,0,0,0,0,0,0,1,0,0,0,0,0,0,0,0,0,0
199,0.5169406992608578,0,0,0,1,1,0,0,0,0,0,0,0,0,0,0,0,0,0
200,-0.1494632315492605,1,0,0,0,0,0,0,0,0,0,0,0,0,0,0,1,0,0
201,-0.053016984623926164,1,1,0,0,0,0,0,0,0,0,0,0,0,0,1,0,0,0
202,-0.9215616795378275,1,1,0,0,0,0,0,0,0,0,0,0,0,0,1,0,0,0
203,-0.7286691856871588,1,1,0,0,0,0,0,0,0,0,0,0,0,0,1,0,0,0
204,-0.535512455543544,1,1,0,0,0,0,0,0,0,0,0,0,0,0,1,0,0,0
205,0.04342926230140818,1,1,0,0,1,1,0,0,0,0,0,0,0,0,0,0,0,0
206,-0.34261996169287534,1,0,0,0,1,0,0,0,0,0,0,0,0,0,0,0,0,1
207,0.04342926230140818,1,0,0,0,0,0,0,0,0,0,0,0,0,0,0,0,0,0
208,-1.59721388060106,1,0,0,0,0,0,0,0,0,0,1,0,0,0,0,0,0,0
209,0.5211684799479959,1,0,0,0,1,0,0,0,0,0,0,0,0,0,1,0,1,0
210,0.5211684799479959,0,0,0,0,1,0,0,1,0,0,0,0,0,0,0,0,0,0
211,0.5211684799479959,0,0,0,0,0,0,0,1,0,0,0,0,0,1,0,0,0,0
212,-0.43906620861820966,0,0,0,0,1,0,0,0,0,0,0,0,0,0,0,0,0,0
213,0.04342926230140818,0,0,0,0,0,1,0,1,0,0,0,0,0,0,1,0,0,0
214,0.5230181339986186,0,0,1,0,1,0,0,0,0,0,0,0,0,0,0,0,0,0
215,0.04342926230140818,1,0,0,0,0,0,0,0,0,0,0,0,0,1,0,0,1,0
216,0.5322664042517329,0,0,0,0,1,0,0,0,0,0,0,0,0,0,0,0,0,0
217,0.54336432855547,0,0,0,1,1,0,0,0,0,0,0,0,0,0,0,0,0,0
218,0.5452139826060929,1,0,0,0,0,0,0,1,0,0,0,0,0,0,0,1,0,0
219,0.5483848181214463,1,0,0,0,0,0,0,1,0,0,0,0,0,0,0,1,1,0
220,0.5261889695139721,0,0,0,0,0,0,0,1,0,0,0,0,0,1,0,0,0,0
221,0.5526125988085843,0,0,0,0,1,1,0,0,0,0,0,0,0,0,0,0,0,0
222,0.5581615609604529,0,0,0,0,1,0,0,0,0,0,0,0,0,0,0,0,0,0
223,0.5600112150110756,1,0,0,0,0,0,0,0,0,0,0,0,0,0,1,0,0,0
224,0.5766581014666814,0,0,0,0,1,0,0,0,0,0,0,0,0,0,0,0,0,0
225,0.5637105231123214,1,1,0,0,0,0,0,0,0,0,0,0,0,0,1,1,0,0
226,0.5711091393148128,1,1,0,0,0,1,0,0,0,0,0,0,0,0,0,0,0,0
227,0.5711091393148128,0,0,0,0,1,0,0,0,0,0,0,0,0,1,0,0,0,0
228,0.5748084474160585,1,1,0,0,1,0,0,0,0,0,0,0,0,0,1,0,0,0
229,0.5766581014666814,0,0,0,0,0,0,0,1,0,0,0,0,0,0,1,0,0,0
230,0.5261889695139721,0,0,0,1,1,0,0,0,0,0,0,0,0,0,0,0,0,0
231,0.5261889695139721,1,0,0,0,0,0,0,0,0,0,0,0,1,0,1,1,0,0
232,0.5822070636185499,0,0,0,1,1,0,0,0,0,0,0,0,0,0,0,0,0,0
233,0.5822070636185499,0,0,0,0,0,0,0,1,0,0,0,0,0,0,0,0,0,0
234,0.5877560257704184,0,0,0,0,0,0,0,0,0,0,0,0,0,0,1,1,0,0
235,-0.1494632315492605,1,0,0,0,0,0,0,0,0,0,0,0,0,0,0,1,0,0
236,0.5896056798210413,1,1,0,0,0,0,0,0,0,0,0,0,0,0,0,0,0,0
237,0.5261889695139721,0,0,0,0,0,0,0,1,0,0,0,0,0,1,0,0,0,0
238,0.5261889695139721,0,0,0,0,1,0,0,0,0,0,0,0,0,0,0,0,0,0
239,0.5261889695139721,0,0,0,0,0,0,0,1,0,0,0,0,0,0,1,1,0,0
240,0.5261889695139721,1,1,0,0,0,0,0,0,0,0,0,0,0,0,1,0,1,0
241,0.5261889695139721,0,0,0,0,0,0,0,1,0,0,0,0,0,0,0,0,0,0
242,0.3330322393703573,1,0,0,0,0,1,0,0,0,0,0,0,0,0,0,1,0,0
243,0.3330322393703573,0,0,0,0,1,0,0,0,0,0,0,0,0,1,0,0,0,0
244,0.3330322393703573,0,0,0,0,0,0,0,1,0,0,0,0,0,1,0,0,0,0
245,0.3330322393703573,0,0,0,0,0,0,0,1,0,0,0,0,0,1,0,0,0,0
246,0.3330322393703573,0,0,0,0,0,0,0,1,0,0,0,0,0,0,0,0,0,0
247,0.4294784862956917,0,0,0,0,0,0,0,1,0,0,0,0,0,1,0,0,0,0
248,0.44533266387245896,0,0,0,0,0,0,0,1,0,0,0,0,0,1,0,0,0,0
249,0.23658599244502299,1,0,0,0,0,0,0,0,0,0,0,0,0,0,0,1,0,0
250,0.48074032712723924,0,0,0,0,0,0,0,1,0,0,0,0,0,0,0,0,0,0
251,0.48602505298616167,0,0,0,0,0,0,0,1,0,0,0,0,0,1,0,0,0,0
252,0.48972436108740736,0,0,0,0,1,0,0,0,0,0,0,0,0,1,0,0,0,0
253,0.5026719394417674,0,0,0,0,0,0,0,1,0,0,0,0,0,0,0,0,0,0
254,0.5137698637455045,0,0,0,0,0,0,0,1,0,0,0,0,0,1,0,0,1,0
255,0.5224896614127265,0,0,0,0,0,0,0,1,0,0,0,0,0,0,0,0,0,0
256,0.5230181339986186,0,0,0,0,0,0,0,0,0,0,1,0,0,0,0,1,0,0
257,0.5243393154633493,0,0,0,0,0,0,0,1,0,0,0,1,0,0,0,0,0,0
258,0.5285670961504872,0,0,0,0,1,0,0,0,0,0,0,0,0,0,0,0,0,0
259,0.5378153664036015,0,0,0,0,0,0,0,0,0,0,0,0,1,0,0,1,0,0
260,0.5396650204542244,0,0,0,0,0,0,0,1,0,0,0,0,0,0,0,0,0,0
261,0.5415146745048471,0,0,0,0,0,1,0,1,0,0,0,0,0,0,0,0,0,0
262,0.5470636366567158,0,0,0,0,1,0,0,0,0,0,0,0,0,0,0,0,0,0
263,0.5581615609604529,1,0,0,0,0,0,0,0,0,0,0,0,0,0,0,1,0,0
264,0.5261889695139721,0,0,0,0,0,0,0,1,0,0,0,0,0,0,0,0,0,0
265,0.5729587933654356,1,0,0,0,0,0,0,0,0,0,0,0,0,0,1,1,0,0
266,0.5877560257704184,0,0,0,0,0,1,0,1,0,1,0,0,0,0,0,0,0,0
267,0.5261889695139721,1,0,0,0,0,0,0,0,0,0,0,0,0,0,0,1,0,0
268,0.5951546419729099,0,0,0,0,1,0,0,0,0,0,0,0,0,0,0,0,0,0
269,0.5261889695139721,0,0,0,0,0,1,0,0,0,1,0,0,1,0,0,1,0,0
270,0.5261889695139721,0,0,0,0,0,0,0,1,0,0,0,0,0,0,0,0,0,0
271,0.4971229772898988,0,1,0,1,0,0,0,0,0,0,0,0,0,0,0,0,0,0
272,0.5261889695139721,0,0,0,0,0,0,0,1,0,0,0,0,0,0,0,0,0,0
273,0.5261889695139721,0,0,0,0,0,0,0,1,0,0,0,0,0,1,0,0,0,0
274,0.5261889695139721,0,0,0,0,0,1,0,0,0,0,1,0,1,0,0,1,0,0
275,0.5261889695139721,0,0,0,1,0,0,0,1,1,0,0,0,0,0,0,0,0,0
276,0.5261889695139721,0,0,0,0,0,0,0,1,0,0,0,0,0,0,0,0,0,0
277,0.5261889695139721,0,0,0,0,0,0,0,1,0,0,0,0,0,1,0,1,0,0
278,0.5261889695139721,0,0,0,0,1,1,0,1,0,0,0,0,1,0,0,0,0,0
279,0.5261889695139721,1,0,0,0,0,0,0,1,0,0,0,0,0,1,0,0,0,0
280,0.7005849228584123,0,0,0,0,0,0,0,1,0,0,0,0,0,0,0,1,0,0
281,0.6202570898027914,0,0,0,0,1,0,0,1,0,0,0,0,0,0,0,0,0,0
282,0.14013974551968864,0,0,0,0,0,0,0,1,0,0,0,0,0,0,0,0,0,0
283,0.14013974551968864,0,0,0,0,0,0,0,1,0,0,0,0,0,0,0,0,1,0
284,0.519318825897373,0,0,0,0,1,0,0,0,0,0,0,1,0,1,0,0,0,0
285,0.5243393154633493,0,0,0,0,1,0,0,0,0,0,0,0,0,0,0,0,0,0
286,0.5544622528592071,0,0,0,0,0,0,0,0,0,0,0,0,1,0,0,1,0,0
287,0.5359657123529786,1,0,0,0,0,0,0,0,0,0,0,0,0,0,0,1,0,0
288,0.5396650204542244,0,0,0,0,0,0,0,0,0,0,0,0,1,0,0,0,0,0
289,0.5470636366567158,0,0,0,0,0,0,0,1,0,0,0,0,0,0,0,1,0,0
290,0.5261889695139721,1,0,0,0,0,0,0,1,0,0,0,0,0,0,0,0,1,0
291,0.5261889695139721,0,0,0,0,0,1,0,1,0,0,0,0,1,0,0,0,0,0
292,0.5840567176691728,1,0,0,0,0,0,0,0,0,0,0,0,1,1,0,1,0,0
293,0.630298068934744,0,0,0,0,0,1,0,1,0,0,0,0,0,0,0,1,0,0
294,0.5261889695139721,0,0,0,0,0,0,0,1,0,0,0,0,0,0,0,0,0,0
295,0.5970042960235327,0,1,0,0,0,0,0,0,0,0,0,0,0,0,0,1,0,0
296,0.5261889695139721,0,0,0,0,0,1,0,1,0,0,0,0,0,0,0,1,0,0
297,0.5261889695139721,0,0,0,0,0,0,0,0,0,0,0,0,1,0,0,1,0,0
298,0.5261889695139721,1,0,0,0,0,1,0,0,0,0,0,0,1,0,0,0,0,0
299,0.5261889695139721,0,0,0,0,0,1,0,0,0,0,0,0,0,0,0,1,0,0
300,0.5261889695139721,0,0,0,0,1,0,0,0,0,0,0,0,0,0,0,0,0,0
301,0.5261889695139721,1,0,0,0,0,0,0,1,0,0,0,0,0,0,0,0,0,0
302,0.5261889695139721,0,0,0,0,0,0,0,1,0,0,0,0,0,0,0,0,0,0
303,0.5261889695139721,0,0,0,0,1,0,0,0,0,0,0,0,1,0,0,0,0,0
304,0.5261889695139721,1,0,0,0,0,0,0,0,0,0,1,0,0,0,1,0,0,0
305,0.6189359083380608,0,0,0,0,0,0,0,1,0,0,0,0,0,0,0,0,0,0
306,0.5261889695139721,0,0,0,0,1,0,0,1,0,0,0,0,0,0,0,0,0,0
307,0.5261889695139721,0,0,0,0,0,1,0,1,0,0,0,0,0,0,0,0,0,0
308,0.6247491067828754,0,0,0,0,1,0,0,1,0,0,0,0,0,0,0,0,0,0
309,0.6265987608334983,1,0,0,0,0,0,0,0,0,0,0,0,0,0,0,1,0,0
310,0.6265987608334983,1,0,0,0,0,0,0,0,0,0,0,0,1,0,0,1,0,0
311,0.6339973770359897,0,0,0,0,1,0,0,0,0,0,0,0,0,1,0,0,0,0
312,0.6339973770359897,0,1,0,0,0,0,0,0,0,0,0,0,0,0,1,1,0,0
313,0.23658599244502299,0,0,0,0,0,0,0,1,0,0,0,0,1,0,0,1,0,0
314,-1.59721388060106,0,0,0,0,0,0,0,1,0,0,0,0,0,0,0,0,0,0
315,0.5822070636185499,1,1,0,0,0,0,0,0,0,0,0,0,0,0,1,1,0,0
316,0.3330322393703573,1,0,0,0,0,0,0,0,0,0,0,0,0,0,0,0,0,0
317,0.3330322393703573,0,0,0,0,1,0,0,0,0,0,0,0,0,0,0,0,0,0
318,0.3330322393703573,0,0,0,0,0,0,0,1,0,0,0,0,0,0,0,0,0,0
319,0.3330322393703573,0,0,0,0,0,0,0,1,0,0,0,0,0,0,0,0,0,0
320,0.3330322393703573,0,0,0,0,1,0,0,0,0,0,0,0,0,0,0,0,0,0
321,0.4294784862956917,0,0,0,0,1,0,0,0,0,0,0,0,0,0,0,0,0,0
322,0.4379340476699676,0,0,0,0,1,0,0,0,0,0,0,0,0,0,0,0,0,0
323,0.44348300982183614,0,0,0,0,0,0,0,1,0,0,0,0,0,0,0,1,0,0
324,0.4397837017205904,0,0,0,0,0,0,0,1,0,0,0,0,0,1,0,0,0,0
325,0.3330322393703573,0,0,0,0,1,0,0,0,0,0,0,0,0,0,0,0,0,0
326,0.3330322393703573,1,1,0,0,0,0,0,0,0,0,0,0,0,0,1,0,0,0
327,0.23658599244502299,0,0,0,0,0,0,0,1,0,0,0,0,0,0,0,0,0,0
328,0.3330322393703573,0,0,0,0,0,0,0,0,0,0,1,0,0,0,0,0,0,0
329,0.23658599244502299,1,1,0,0,0,0,0,0,0,0,0,0,0,0,1,0,0,0
330,0.23658599244502299,0,0,0,0,1,0,0,0,0,0,0,0,0,1,0,0,0,0
331,0.23658599244502299,0,0,0,0,1,0,0,1,0,0,0,0,0,0,0,0,0,0
332,0.23658599244502299,0,0,0,1,1,0,0,0,0,0,0,0,0,0,0,0,0,0
333,0.23658599244502299,0,0,0,0,1,0,0,0,0,0,0,0,0,0,0,0,0,0
334,0.23658599244502299,1,1,0,0,1,0,0,0,0,0,0,0,0,1,0,0,0,0
335,0.14013974551968864,0,0,0,0,1,0,0,0,0,0,0,0,0,0,0,0,0,0
336,0.14013974551968864,0,0,0,0,0,0,0,1,0,0,0,0,0,0,0,0,0,0
337,0.14013974551968864,1,0,0,0,1,0,0,0,0,0,0,0,0,0,0,0,0,0
338,0.14013974551968864,0,0,0,0,0,0,0,1,0,0,0,0,0,0,0,0,0,0
339,0.14013974551968864,0,0,0,0,1,0,0,0,0,0,0,0,0,0,0,0,0,0
340,0.14013974551968864,0,0,0,0,1,0,0,0,0,0,0,0,0,0,0,0,0,0
341,0.23658599244502299,0,0,0,0,1,1,0,0,0,0,1,0,0,0,0,0,0,0
342,0.14013974551968864,1,1,0,0,1,0,0,0,0,0,0,0,0,0,0,0,0,0
343,0.3330322393703573,0,0,0,0,1,0,0,0,0,0,0,0,0,0,0,0,0,0
344,-0.1494632315492605,0,0,0,0,1,0,0,0,0,0,0,0,0,1,0,1,0,0
345,-0.24590947847459485,1,1,0,0,0,1,0,1,0,0,0,0,0,0,0,0,0,0
346,0.46700003989404093,1,1,0,0,0,0,0,0,0,0,0,0,1,0,0,0,0,0
347,0.5082209015936359,0,0,0,0,0,0,0,0,0,0,1,0,0,0,0,1,0,0
348,0.46752851247993316,0,0,0,0,1,0,0,0,0,0,0,0,0,0,0,0,0,0
349,0.460658368863334,0,0,1,0,1,0,0,0,0,0,0,0,0,0,0,1,0,0
350,0.48734623445089226,0,0,0,0,1,0,0,1,0,0,0,0,0,0,0,0,0,0
351,0.4804760908342931,0,0,0,0,1,0,0,0,0,0,0,0,0,0,0,0,0,0
352,0.4767767827330474,0,0,0,0,1,0,0,0,1,0,0,0,0,1,1,0,0,0
353,0.49157401513803023,0,0,0,0,1,0,0,0,0,0,0,0,0,0,0,0,0,0
354,0.482325744884916,0,0,0,0,0,0,0,0,0,0,1,0,0,0,0,0,0,0
355,-0.9215616795378275,0,0,0,0,1,0,0,0,0,0,0,0,0,0,0,0,0,0
356,-3.3343032704288627,0,0,0,1,0,0,0,1,0,0,0,0,0,0,0,0,0,0
357,-2.9482540464345792,0,0,0,1,0,0,0,1,0,0,0,0,0,0,0,0,0,0
358,-4.009955471492096,0,0,1,1,0,0,0,0,0,0,0,1,0,0,0,0,0,0
359,-2.658915305658576,0,0,0,1,1,0,0,0,0,0,0,1,0,0,0,0,0,0
360,-3.913509224566761,0,0,1,1,0,0,0,0,0,0,0,1,0,0,0,0,0,0
361,0.5082209015936359,0,0,0,0,0,0,0,1,0,0,0,0,0,1,0,0,0,0
362,-0.9215616795378275,0,0,0,1,0,0,0,1,1,0,0,0,0,0,1,0,0,0
363,0.04342926230140818,0,0,0,0,1,0,0,0,0,0,0,0,0,0,0,0,0,0
364,-0.535512455543544,1,0,1,1,0,0,0,0,0,0,0,0,0,0,1,1,1,0
365,-2.851807799509245,0,0,0,0,0,0,0,1,0,0,0,0,0,0,0,0,0,0
366,-1.9832631045953437,0,0,0,0,1,0,0,0,0,0,0,0,0,0,0,0,0,0
367,-3.913509224566761,0,0,0,0,0,0,0,1,0,0,0,0,0,0,1,0,0,0
368,-0.535512455543544,1,1,0,0,0,0,0,0,0,0,0,0,0,0,0,0,0,0
369,-0.24590947847459485,0,0,0,0,1,0,0,0,0,0,0,0,0,0,0,0,0,0
370,-3.4310137536471434,0,0,0,0,0,0,0,0,0,0,0,0,0,0,1,0,0,0
371,-2.1761555984460124,1,0,0,0,1,0,0,0,0,0,0,0,0,0,0,0,0,1
372,-1.0180079264631618,0,0,0,0,0,0,0,0,0,0,1,0,0,0,0,0,0,0
373,-1.2111646566067766,0,0,0,0,0,0,0,0,0,0,1,0,0,0,0,0,0,0
374,-2.755361552583911,0,0,0,0,0,0,0,0,0,0,1,0,0,0,0,0,0,0
375,-3.2378570235035284,0,0,0,0,0,0,0,0,0,0,1,0,0,0,1,0,0,0
376,-1.5007676336757259,0,0,0,0,0,0,0,0,0,0,1,0,0,0,0,0,0,0
377,-1.5007676336757259,0,0,0,0,0,0,0,0,0,0,1,0,0,0,0,0,0,0
378,-1.2111646566067766,1,1,0,0,0,0,0,0,0,0,0,0,0,0,1,0,0,0
379,-0.24590947847459485,1,1,0,0,0,0,0,0,0,0,0,0,0,0,1,0,0,0
380,-1.307610903532111,0,0,0,0,1,0,0,0,0,0,0,1,0,1,0,0,0,0
381,-1.307610903532111,1,0,0,0,0,0,0,0,0,0,1,0,0,0,0,0,0,0
382,0.5285670961504872,1,0,0,0,0,0,0,0,0,0,0,0,0,0,0,0,0,0
383,0.5304167502011101,1,0,0,0,1,0,0,0,0,0,0,0,0,0,0,0,0,0
384,0.3330322393703573,0,0,0,0,0,0,0,1,0,0,0,0,0,0,0,0,0,0
385,0.3330322393703573,0,0,0,0,0,0,0,1,0,0,0,0,0,0,0,0,0,0
386,0.04342926230140818,0,0,0,0,0,0,0,1,0,0,0,0,0,1,0,0,0,0
387,0.23658599244502299,0,1,0,0,0,0,0,0,0,0,0,0,0,0,0,0,0,0
388,0.23658599244502299,0,1,0,1,0,0,0,0,0,0,0,0,0,1,0,0,0,0
389,0.04342926230140818,0,0,0,0,0,0,0,0,0,0,0,0,0,0,0,1,0,0
390,0.14013974551968864,0,0,0,0,0,0,0,1,0,0,0,0,0,0,0,0,0,0
391,0.14013974551968864,0,0,0,0,0,0,0,1,0,0,0,0,0,0,0,0,0,0
392,0.14013974551968864,0,0,0,0,0,0,0,1,0,0,0,0,0,0,0,0,0,0
393,0.14013974551968864,0,0,0,0,0,0,0,0,0,0,0,0,0,0,0,0,0,1
394,0.44718231792308183,0,0,0,0,0,0,0,1,0,0,0,0,0,0,0,0,1,0
395,0.46937816653055603,1,1,0,0,0,0,0,0,1,0,0,0,0,0,0,0,0,0
396,0.4564305881761961,0,0,1,1,0,0,0,0,0,0,0,1,0,0,0,0,0,0
397,-2.755361552583911,0,0,0,0,0,0,0,0,0,0,0,0,0,0,1,0,1,0
398,0.482325744884916,0,0,0,0,0,0,0,1,0,0,0,0,0,0,0,0,0,0
399,0.4973872135828449,0,0,0,0,1,0,0,0,0,0,0,0,0,0,0,0,0,0
400,0.48602505298616167,0,0,0,1,1,0,0,0,0,0,0,0,0,0,0,0,0,0
401,-3.2378570235035284,0,0,0,0,0,0,0,0,0,0,0,0,1,0,0,1,0,0
402,-3.1414107765781942,0,0,0,0,1,0,0,0,0,0,0,0,0,0,0,1,0,0
403,-3.04496452965286,0,0,0,0,1,0,0,1,0,0,0,0,0,0,0,0,0,0
404,-3.1414107765781942,0,0,0,0,1,1,0,0,0,0,0,0,0,0,0,0,0,0
405,-2.658915305658576,0,0,0,0,0,0,0,0,0,0,0,1,0,1,0,0,0,0
406,-3.623906247497812,0,0,0,0,1,0,0,0,0,0,0,0,0,1,0,0,0,0
407,-3.7203524944231465,0,0,0,0,1,0,0,0,0,0,0,0,0,1,0,0,0,0
408,-4.009955471492096,0,0,0,0,0,0,0,0,0,1,0,0,0,0,0,0,0,0
409,-3.5274600005724777,0,0,0,0,1,0,0,0,0,0,0,0,0,1,0,1,0,0
410,-3.5274600005724777,0,0,0,0,0,0,0,1,0,0,0,0,0,0,0,0,0,0
411,-3.4310137536471434,0,1,0,0,1,0,0,0,0,0,0,0,0,0,0,0,0,0
412,-3.913509224566761,1,1,0,0,0,0,0,0,0,0,0,0,0,1,0,0,1,0
413,-3.2378570235035284,0,0,0,0,0,0,0,1,0,0,0,0,0,0,0,0,0,0
414,0.4971229772898988,0,1,0,1,0,0,0,0,0,0,0,0,0,0,0,0,0,0
415,-1.9832631045953437,0,0,0,0,1,0,0,0,0,0,0,0,0,0,0,0,1,0
416,-1.8868168576700093,0,0,0,0,0,0,0,1,0,0,0,0,0,0,0,0,0,0
417,-2.3693123285896274,0,0,0,0,0,1,0,1,0,0,0,0,0,0,0,0,0,0
418,-3.623906247497812,0,0,0,0,0,0,0,0,0,0,0,0,1,0,0,1,0,0
419,-3.5274600005724777,0,0,0,0,0,0,0,1,0,0,0,0,0,0,0,0,0,0
420,-3.913509224566761,0,0,0,0,0,0,0,1,0,0,0,0,0,0,0,0,0,0
421,0.5248677880492415,0,0,0,0,0,0,0,1,0,0,0,0,0,0,0,0,0,0
422,-0.24590947847459485,0,0,0,0,0,0,0,1,0,0,0,0,0,0,0,0,0,0
423,-3.623906247497812,1,0,0,0,0,0,0,1,0,0,0,0,0,0,0,0,0,1
424,-2.851807799509245,0,1,0,0,0,0,0,0,0,0,0,0,0,0,0,0,1,0
425,-0.43906620861820966,0,0,0,0,1,0,0,1,0,0,0,0,0,1,0,0,0,0
426,-4.1064017184174295,0,0,0,0,0,0,0,0,0,0,0,0,1,0,0,1,0,0
427,-1.4040571504574453,0,0,0,0,1,0,0,0,0,0,0,0,0,1,0,0,0,0
428,0.5507629447579614,1,0,0,0,0,0,0,1,0,0,0,0,0,0,0,0,1,0
429,-0.8251154326124932,0,0,0,0,1,0,0,0,0,0,0,0,0,0,0,0,0,0
430,-1.2111646566067766,0,0,0,0,1,0,0,1,0,0,0,0,0,1,0,0,0,0
431,-0.1494632315492605,0,0,0,0,0,0,0,1,0,0,0,0,0,0,0,0,0,0
432,-4.20311220163571,0,1,0,0,0,0,0,0,0,0,0,0,0,0,0,0,0,0
433,-2.755361552583911,0,1,0,0,0,0,0,0,0,0,0,0,0,0,0,0,1,0
434,-1.307610903532111,0,0,0,0,0,0,0,1,0,0,0,0,0,0,0,0,1,0
435,-0.535512455543544,0,0,0,0,1,0,0,1,0,0,0,0,0,0,0,0,0,0
436,-2.3693123285896274,0,0,0,0,1,0,0,1,0,0,0,0,0,0,0,0,0,0
437,-3.1414107765781942,1,1,0,0,0,0,0,1,0,0,0,0,0,0,0,0,0,0
438,-0.9215616795378275,0,0,0,0,0,0,0,1,0,0,0,0,0,0,0,0,0,0
439,-0.7286691856871588,0,0,0,0,0,0,0,1,0,0,0,0,0,0,0,0,1,0
440,-0.6319587024688783,0,0,0,0,0,0,0,1,0,0,0,0,0,0,0,0,0,0
441,-1.59721388060106,0,1,0,0,0,0,0,0,0,0,0,0,0,0,0,0,0,0
442,0.5156195177961272,0,0,0,0,0,0,0,1,0,0,0,0,0,1,0,0,0,0
443,0.5637105231123214,0,0,0,0,1,0,0,0,0,0,0,0,0,1,0,0,0,0
444,-0.053016984623926164,0,0,0,0,0,0,0,1,0,0,0,0,0,0,0,0,0,0
445,0.5261889695139721,0,0,1,1,0,0,0,0,0,0,0,1,0,0,0,0,0,0
446,0.5261889695139721,0,0,0,1,1,0,0,0,0,0,0,0,0,0,0,0,0,0
447,0.3330322393703573,1,0,0,0,0,0,0,0,0,0,0,0,0,0,0,0,0,0
448,0.3330322393703573,1,1,0,0,0,0,0,0,0,0,0,0,0,0,0,0,0,0
449,0.3330322393703573,0,0,1,1,0,0,0,0,0,0,0,1,0,1,0,0,0,0
450,0.4379340476699676,0,0,0,0,0,1,0,1,0,0,0,0,0,1,0,0,0,0
451,0.4397837017205904,1,0,0,0,0,0,0,0,0,0,0,0,0,0,0,1,0,0
452,0.44348300982183614,0,0,0,0,0,1,0,0,0,0,0,0,0,0,0,0,0,0
453,0.3330322393703573,0,0,0,0,0,0,0,1,0,0,0,0,0,1,0,0,1,0
454,0.3330322393703573,1,0,0,0,0,0,0,0,0,0,0,0,0,0,0,1,0,0
455,0.3330322393703573,0,0,0,0,0,0,0,0,0,0,0,0,0,0,1,0,0,0
456,0.3330322393703573,0,0,0,0,0,0,0,1,0,0,0,0,0,1,0,0,0,0
457,0.3330322393703573,1,1,0,0,0,0,0,0,0,0,0,0,0,0,0,0,0,0
458,0.23658599244502299,0,0,0,0,0,0,0,1,1,0,0,0,0,0,0,1,0,0
459,0.23658599244502299,0,0,0,0,0,0,0,1,0,0,1,0,0,0,0,0,0,0
460,0.23658599244502299,0,0,0,0,0,0,0,1,0,0,1,0,0,0,0,0,0,0
461,0.3330322393703573,1,1,0,0,0,0,0,0,0,0,0,0,0,0,0,0,0,1
462,0.23658599244502299,1,1,0,0,0,0,0,0,0,0,0,0,0,0,0,1,0,0
463,0.23658599244502299,0,0,0,0,0,0,0,0,0,0,1,0,0,0,0,0,0,0
464,0.23658599244502299,1,0,0,0,0,0,0,0,0,0,0,0,0,1,0,1,0,0
465,0.23658599244502299,0,0,0,0,0,0,0,1,0,0,1,0,0,0,0,0,0,0
466,0.23658599244502299,0,0,0,0,0,0,0,0,0,0,0,0,0,0,0,0,0,1
467,0.14013974551968864,0,0,0,0,0,0,0,0,0,0,1,0,0,0,1,1,0,0
468,0.23658599244502299,0,0,0,0,1,0,0,0,0,0,0,0,0,0,0,0,0,1
469,0.14013974551968864,1,1,0,0,0,1,0,0,0,0,0,0,0,0,0,0,0,0
470,0.14013974551968864,0,0,0,0,1,0,0,0,0,0,0,0,0,0,1,0,0,0
471,0.14013974551968864,1,0,0,0,0,0,0,0,0,0,0,0,0,0,1,0,0,0
472,0.3330322393703573,0,0,0,0,1,0,0,0,0,0,0,0,0,1,0,0,0,0
473,0.14013974551968864,0,0,0,0,0,0,0,1,0,0,0,0,0,0,0,1,0,0
474,0.14013974551968864,0,0,0,0,0,0,0,1,0,0,0,0,0,1,0,0,0,0
475,0.14013974551968864,0,0,0,0,0,1,0,0,0,0,0,0,0,0,0,1,0,0
476,0.14013974551968864,0,0,0,1,0,0,0,1,0,0,0,0,0,0,0,0,0,0
477,0.14013974551968864,0,0,0,0,1,0,0,0,0,0,0,0,0,0,0,0,0,0
478,0.23658599244502299,1,0,0,0,0,0,0,0,0,0,0,0,0,0,0,0,0,0
479,-0.053016984623926164,0,0,1,1,0,0,0,0,0,0,0,1,0,0,0,0,0,0
480,-2.1761555984460124,0,0,0,0,0,0,0,0,0,0,0,0,0,0,0,0,0,1
481,0.4529955163678965,0,0,0,0,0,0,0,1,0,0,0,0,0,0,0,1,0,0
482,0.48972436108740736,0,0,0,0,0,0,0,0,0,0,0,0,0,0,0,1,0,0
483,0.4749271286824246,0,0,1,1,0,0,0,0,0,0,0,1,0,0,0,0,0,0
484,0.4749271286824246,1,0,0,0,0,0,0,0,0,0,0,0,0,0,0,1,0,0
485,-3.913509224566761,0,0,0,0,0,0,0,0,0,0,0,1,0,1,0,0,0,0
486,-3.623906247497812,0,0,0,0,0,0,0,0,0,0,0,0,1,0,0,1,0,0
487,-4.009955471492096,0,0,0,0,0,0,0,1,0,0,0,0,0,0,0,0,0,0
488,-4.009955471492096,0,0,0,0,1,0,0,0,0,0,0,0,0,0,0,0,0,0
489,-3.2378570235035284,0,0,0,0,0,0,0,0,0,0,0,1,0,0,0,0,0,0
490,-3.4310137536471434,0,0,0,0,0,0,0,1,0,0,0,0,0,0,0,0,0,0
491,-2.2728660816642927,0,0,0,0,0,0,0,0,0,0,1,0,0,0,1,0,0,0
492,0.5008222853911445,0,0,0,0,0,0,0,1,0,0,0,0,0,0,0,1,0,0
493,0.5045215934923902,0,0,0,0,0,0,0,1,0,0,0,0,0,0,0,0,0,0
494,-3.04496452965286,0,1,0,1,0,0,0,0,0,0,0,0,0,0,0,0,0,0
495,0.23658599244502299,0,0,0,1,1,0,0,0,0,0,0,0,0,0,0,0,0,0
496,-2.755361552583911,0,0,1,1,0,0,0,0,0,0,0,0,0,0,0,0,0,0
497,-0.053016984623926164,0,0,0,0,0,0,0,1,0,0,0,0,0,0,0,0,0,0
498,0.506371247543013,0,0,0,0,0,1,0,1,0,0,0,0,0,0,0,0,0,0
499,-0.9215616795378275,0,0,0,0,1,0,0,0,0,0,0,1,0,0,0,0,0,0
500,-2.562204822440296,0,0,0,0,1,0,0,0,0,0,0,1,0,0,0,0,0,0
501,0.04342926230140818,1,0,0,0,0,0,0,1,0,0,0,0,0,1,0,0,1,0
502,-0.9215616795378275,0,0,0,0,0,0,0,1,0,0,0,0,0,0,0,0,0,0
503,-1.0180079264631618,1,1,0,0,0,0,0,0,0,0,0,0,0,0,1,1,0,0
504,-1.0180079264631618,0,0,0,0,1,0,0,0,0,0,1,0,0,0,0,0,0,0
505,-0.9215616795378275,0,0,0,0,0,0,0,1,0,0,0,0,0,0,0,0,0,0
506,-1.2111646566067766,0,0,0,0,0,0,0,1,0,0,0,0,0,0,0,0,0,0
507,-0.24590947847459485,0,0,0,0,0,0,0,1,0,0,0,0,0,0,0,0,0,0
508,-3.3343032704288627,0,0,0,0,0,0,0,1,0,0,0,0,0,0,0,0,1,0
509,-0.1494632315492605,0,0,0,0,0,1,0,1,0,1,0,0,0,0,0,0,0,0
510,-0.34261996169287534,0,0,0,0,0,0,1,0,0,0,0,0,0,0,0,0,0,0
511,-2.1761555984460124,0,0,0,0,0,0,0,0,0,0,0,0,0,0,0,0,0,1
512,-0.6319587024688783,0,0,0,0,0,0,0,1,0,0,0,0,0,0,0,0,1,0
513,-3.817062977641427,0,0,0,0,1,0,0,0,0,0,0,0,0,1,0,0,0,0
514,-0.7286691856871588,0,0,0,0,0,1,0,1,0,0,0,0,0,0,0,1,0,0
515,-3.3343032704288627,0,0,0,0,0,0,0,1,0,0,0,0,0,0,0,0,0,0
516,-0.24590947847459485,1,0,0,0,0,0,0,1,0,0,0,0,0,0,0,0,1,0
517,-0.1494632315492605,0,0,0,0,1,0,0,1,0,0,0,0,0,0,0,0,0,0
518,-3.2378570235035284,0,0,0,0,0,1,0,0,0,1,0,0,0,0,0,1,0,0
519,-1.6936601275263945,0,0,0,0,0,0,0,0,0,1,0,0,1,0,0,1,0,0
520,-0.535512455543544,0,1,0,0,1,0,0,1,0,0,0,0,0,0,0,0,0,0
521,-2.851807799509245,0,0,0,0,0,0,0,0,0,1,0,0,0,0,0,1,0,0
522,-0.1494632315492605,0,0,0,0,0,0,0,1,0,0,0,0,0,0,0,0,0,0
523,-0.053016984623926164,0,0,0,0,0,0,0,1,0,0,0,0,0,0,0,0,0,0
524,-3.817062977641427,0,0,0,0,0,0,0,0,0,0,0,0,0,0,0,0,0,1
525,-1.1147184096814424,0,0,0,0,0,0,0,1,0,0,0,0,0,1,0,0,0,0
526,-1.2111646566067766,0,0,0,0,1,0,0,0,0,0,0,0,0,0,0,0,0,0
527,-0.7286691856871588,0,0,0,0,0,0,0,1,0,0,0,0,0,0,0,0,0,0
528,0.04342926230140818,1,0,0,0,0,0,0,0,0,0,1,0,0,0,1,1,0,0
529,0.14013974551968864,0,0,0,0,0,0,0,0,0,0,1,0,0,0,1,1,0,0
530,0.04342926230140818,0,0,0,0,0,0,0,0,0,0,1,0,0,0,0,0,0,0
531,-2.851807799509245,0,0,0,0,0,0,0,0,0,1,0,0,0,0,0,1,0,0
532,-0.9215616795378275,0,0,0,0,0,0,0,0,0,0,1,0,0,0,0,0,0,0
533,0.5169406992608578,0,0,0,0,0,0,0,1,0,0,0,0,0,0,0,0,0,0
534,0.55631190690983,0,0,0,0,0,0,0,1,0,0,0,0,0,0,0,1,0,0
535,-1.0180079264631618,1,1,0,0,0,0,0,0,0,0,0,0,0,0,0,0,0,0
536,0.5896056798210413,1,1,0,0,0,0,0,0,0,0,0,0,0,0,0,0,0,0
537,0.6025532581754013,0,0,0,0,0,0,0,0,0,0,1,0,1,0,0,1,0,0
538,0.5261889695139721,0,0,0,0,1,0,0,0,0,0,0,0,0,0,0,0,0,0
539,0.14013974551968864,1,0,0,0,0,0,0,0,0,0,0,0,0,0,0,1,0,0
540,0.4474465542160279,1,0,0,0,0,0,0,0,0,0,0,0,0,0,0,1,0,0
541,0.14013974551968864,1,0,0,0,0,0,0,1,0,0,0,0,0,0,0,0,0,0
542,0.5544622528592071,0,0,0,0,1,0,0,0,0,0,0,0,0,0,0,0,1,0
543,0.5877560257704184,0,0,0,0,1,0,0,0,0,0,0,0,0,0,0,0,0,0
544,0.5261889695139721,1,0,0,0,0,0,0,0,0,0,0,0,0,0,0,1,0,0
545,0.5261889695139721,0,0,0,0,0,0,0,1,0,0,0,0,0,0,0,0,1,0
546,0.3330322393703573,0,0,0,0,1,0,0,1,0,0,0,0,0,1,0,0,0,0
547,0.3330322393703573,0,0,0,0,0,0,0,1,0,0,0,0,0,0,0,0,0,0
548,0.4035833295869718,0,0,0,0,0,0,0,0,0,0,0,0,0,1,0,0,0,0
549,0.44163335577121327,0,0,0,0,0,0,0,1,0,0,0,0,0,0,0,1,0,0
550,0.3330322393703573,0,0,0,0,0,0,0,1,0,0,0,0,0,0,0,0,0,0
551,0.23658599244502299,0,0,0,0,0,0,0,1,0,0,0,0,0,0,0,0,0,0
552,0.23658599244502299,0,0,0,0,1,0,0,0,0,0,0,0,0,1,0,0,0,0
553,-3.817062977641427,0,0,0,0,0,0,0,0,0,0,0,1,0,1,0,0,0,0
554,-0.053016984623926164,0,0,0,0,0,0,0,1,0,0,0,0,0,0,0,0,0,0
555,-0.24590947847459485,0,0,0,0,0,0,0,1,0,0,0,0,0,0,0,0,0,0
556,0.04342926230140818,0,0,0,0,1,0,0,0,0,0,0,0,0,1,0,0,0,0
557,-0.6319587024688783,0,0,0,0,1,0,0,0,0,0,0,0,0,0,0,0,0,0
558,-0.43906620861820966,0,0,0,0,1,0,0,1,0,0,0,0,0,0,0,0,0,0
559,0.425779178194446,0,0,0,0,0,0,0,1,0,0,0,0,0,0,0,0,0,0
560,0.3330322393703573,0,0,0,0,1,0,0,1,0,0,0,0,0,0,0,0,0,0
561,0.3330322393703573,0,0,0,0,0,0,0,1,0,0,0,0,0,1,0,0,0,0
562,0.4294784862956917,0,0,0,0,0,0,0,1,0,0,0,0,0,0,0,1,0,0
563,0.3330322393703573,1,1,0,0,0,0,0,1,0,0,0,0,0,1,0,0,0,0
564,0.3330322393703573,0,0,0,0,1,0,0,0,0,0,0,0,0,0,0,0,0,0
565,0.3330322393703573,0,0,0,0,1,0,0,0,0,0,0,0,0,0,0,0,0,0
566,0.3330322393703573,0,0,0,0,1,0,0,1,0,0,0,0,0,0,0,0,0,0
567,0.3330322393703573,0,0,0,0,0,0,0,1,0,0,0,0,0,1,0,0,0,0
568,0.23658599244502299,0,0,0,0,0,0,0,1,0,0,0,0,0,1,0,0,0,0
569,0.23658599244502299,0,0,0,0,1,0,0,0,0,0,0,0,0,0,1,0,0,0
570,0.23658599244502299,0,0,0,0,0,0,0,1,0,0,0,0,0,0,0,0,0,0
571,0.23658599244502299,0,0,0,0,1,0,0,1,0,0,0,0,0,1,0,0,0,0
572,0.14013974551968864,0,0,0,0,1,0,0,0,0,0,0,0,0,1,0,0,0,0
573,0.14013974551968864,0,0,0,0,0,0,0,1,0,0,0,0,0,0,0,0,0,0
574,0.14013974551968864,0,0,0,0,0,0,0,1,0,0,0,0,0,1,0,0,0,0
575,0.23658599244502299,0,0,0,0,1,0,0,1,0,0,0,0,0,0,0,0,0,0
576,0.23658599244502299,0,0,0,0,1,0,0,0,0,0,0,0,0,1,0,0,0,0
577,-0.1494632315492605,0,0,0,0,1,0,0,0,0,0,0,0,0,1,0,0,0,0
578,0.4545809341255732,0,0,0,0,0,0,0,1,0,0,0,0,0,1,0,0,0,0
579,0.4545809341255732,0,0,0,0,0,0,0,1,0,0,0,0,0,0,0,1,0,0
580,0.5119202096948816,0,0,0,0,0,0,0,1,0,0,0,0,0,0,0,1,0,0
581,0.4934236691886531,1,0,0,0,0,0,0,0,0,0,0,0,0,0,0,1,0,0
582,0.5045215934923902,0,0,0,0,0,0,0,1,0,0,0,0,0,0,0,0,1,0
583,-0.6319587024688783,0,0,0,0,1,0,0,0,0,0,0,0,0,0,0,0,0,0
584,0.14013974551968864,0,0,0,0,1,0,0,0,0,0,0,0,0,1,0,0,0,0
585,0.5452139826060929,1,0,0,0,0,0,0,0,0,0,0,0,0,1,0,1,0,0
586,0.5261889695139721,0,0,0,0,1,0,0,0,0,0,0,0,0,1,0,0,0,0
587,0.6189359083380608,0,0,0,0,0,0,0,1,0,0,0,0,0,0,0,0,0,0
588,0.5261889695139721,1,0,0,0,0,0,0,0,0,0,0,0,0,1,0,1,0,0
589,0.6321477229853668,1,0,0,0,0,0,0,0,0,0,0,0,0,0,0,1,0,0
590,0.5261889695139721,0,0,0,0,0,1,0,0,0,0,0,0,0,0,0,1,0,0
591,0.3330322393703573,1,1,0,1,0,0,0,0,1,0,0,0,0,0,1,0,0,0
592,0.3330322393703573,0,0,0,0,1,0,0,0,0,0,0,0,0,0,0,0,0,0
593,0.3330322393703573,0,0,0,0,0,0,0,0,0,0,0,0,0,0,1,0,0,0
594,0.3330322393703573,1,0,0,0,0,0,0,0,0,0,0,0,0,0,0,1,0,0
595,0.4397837017205904,0,0,0,0,0,0,0,1,0,0,0,0,0,0,0,0,0,0
596,0.44163335577121327,0,0,0,0,1,0,0,0,0,0,0,0,0,0,0,0,0,0
597,0.04342926230140818,0,0,0,0,1,0,0,0,0,0,0,0,0,1,0,0,0,0
598,0.3330322393703573,0,1,0,1,0,0,0,0,0,0,0,0,0,0,0,0,0,0
599,0.3330322393703573,1,1,0,0,0,0,0,0,0,0,0,0,1,0,1,0,0,0
600,0.3330322393703573,0,0,0,0,0,1,0,0,0,1,0,0,1,0,0,1,0,0
601,0.3330322393703573,1,0,0,0,0,0,0,0,0,0,0,0,0,0,1,1,0,0
602,0.3330322393703573,0,0,0,0,0,0,0,1,0,0,0,0,0,0,0,0,0,0
603,0.3330322393703573,0,0,0,0,0,0,0,0,0,0,1,0,0,0,0,0,0,0
604,0.3330322393703573,0,0,0,0,1,0,0,1,0,0,0,0,0,1,0,0,0,0
605,0.23658599244502299,1,0,0,0,0,0,0,0,0,0,0,0,0,0,0,0,0,0
606,0.23658599244502299,0,0,0,0,1,0,0,0,0,0,0,0,0,0,0,0,0,0
607,0.3330322393703573,0,0,0,0,1,0,0,0,0,0,0,0,0,1,0,0,0,0
608,0.23658599244502299,0,0,0,0,1,0,0,0,0,0,0,0,0,1,0,0,0,0
609,0.23658599244502299,0,0,0,0,1,0,0,0,0,0,0,0,0,1,0,0,0,0
610,0.3330322393703573,0,0,0,0,1,0,0,1,0,0,0,0,0,0,0,0,0,0
611,0.3330322393703573,0,0,0,0,1,0,0,0,0,0,0,0,0,0,0,0,0,0
612,0.23658599244502299,0,0,0,0,1,0,0,0,0,0,0,0,0,0,0,0,0,0
613,0.23658599244502299,0,0,0,0,0,0,0,1,0,0,0,0,0,1,0,0,0,0
614,0.23658599244502299,0,0,0,0,1,0,0,0,0,0,0,0,0,1,0,0,0,0
615,0.23658599244502299,1,0,0,0,0,0,0,0,0,0,0,0,0,0,1,0,0,0
616,0.14013974551968864,1,1,0,0,0,1,0,0,0,0,0,0,0,0,0,1,0,0
617,0.14013974551968864,1,0,0,0,0,1,0,1,0,0,0,0,0,0,0,0,0,0
618,0.14013974551968864,1,0,0,0,0,0,0,1,0,0,0,0,0,0,0,0,0,0
619,0.14013974551968864,1,0,0,0,0,0,0,1,0,0,0,0,1,0,0,0,0,0
620,0.23658599244502299,1,0,0,0,0,0,0,0,0,0,0,0,0,0,0,0,0,0
621,0.44903197197370465,0,0,0,0,0,0,1,0,0,0,0,0,0,0,0,0,0,0
622,0.5177334081396963,0,0,0,0,0,0,0,1,0,0,0,0,0,1,0,0,0,0
623,0.46937816653055603,0,0,0,0,1,0,0,0,0,0,0,0,0,0,0,0,0,0
624,0.5137698637455045,0,1,1,1,1,0,0,0,1,0,0,0,0,0,0,0,0,0
625,0.4601298962774418,0,0,0,0,0,1,0,0,0,1,0,0,0,0,0,1,0,0
626,0.4619795503280646,0,0,0,0,1,0,0,0,0,0,0,0,0,0,0,0,0,0
627,0.46937816653055603,1,0,0,0,0,0,0,0,0,0,0,0,0,0,1,1,0,0
628,0.47122782058117885,0,1,0,0,0,0,0,0,0,0,0,0,0,0,0,0,0,0
629,0.519318825897373,1,1,0,0,0,0,0,0,0,0,0,0,0,0,0,1,0,0
630,0.482325744884916,1,1,0,0,0,0,0,0,0,0,0,0,0,0,0,0,0,0
631,0.48787470703678454,1,1,0,0,0,0,0,0,0,0,0,0,0,0,1,1,0,0
632,0.4952733232392759,1,0,0,0,0,0,0,0,0,0,0,0,0,0,0,0,0,0
633,0.4989726313405216,1,0,0,0,0,0,0,1,0,0,0,0,0,0,0,0,0,1
634,0.5026719394417674,1,0,0,0,0,0,0,0,0,0,0,0,0,0,0,1,0,0
635,-3.1414107765781942,0,0,0,1,1,0,0,0,0,0,0,0,0,0,0,0,0,0
636,0.49157401513803023,0,0,0,0,0,1,0,0,0,0,0,0,0,0,0,0,0,0
637,0.5010865216840906,0,0,0,0,1,0,0,0,0,0,0,0,0,0,0,0,0,0
638,0.506371247543013,0,0,0,0,0,0,0,1,0,0,0,0,0,1,0,0,0,0
639,0.5045215934923902,0,0,0,0,0,0,1,1,0,0,0,0,0,0,0,0,0,0
640,-0.1494632315492605,1,0,0,0,0,0,0,0,0,0,0,0,0,1,0,0,0,0
641,-1.0180079264631618,1,0,0,0,0,0,0,1,0,0,0,0,1,1,0,1,0,0
642,-0.053016984623926164,0,0,0,0,1,0,0,1,0,0,0,0,0,0,0,0,0,0
643,0.5230181339986186,0,0,0,0,1,0,0,0,0,0,0,0,0,0,0,0,0,0
644,0.5243393154633493,0,0,0,0,1,0,0,0,0,0,0,0,0,1,0,0,0,0
645,0.5378153664036015,0,0,0,0,1,0,0,0,0,0,0,0,0,0,0,0,0,0
646,0.5452139826060929,0,0,0,0,0,0,0,0,0,0,0,0,0,1,0,0,0,0
647,0.5822070636185499,0,0,0,0,1,0,0,0,0,0,0,0,0,1,0,0,0,0
648,0.5840567176691728,0,0,0,0,0,0,0,1,0,0,0,0,0,0,0,0,0,0
649,0.5877560257704184,0,0,0,0,0,0,0,1,0,0,0,0,0,1,0,0,0,0
650,0.5877560257704184,1,0,0,0,1,0,0,0,0,0,0,0,0,0,0,0,0,0
651,0.5261889695139721,0,1,0,0,0,0,0,0,0,0,0,0,0,1,0,0,0,0
652,0.5378153664036015,0,0,0,1,1,0,0,0,0,0,0,0,1,0,0,0,0,0
653,0.5261889695139721,1,0,0,0,0,0,0,0,0,0,0,0,0,0,0,1,1,0
654,0.5261889695139721,0,0,0,0,0,0,0,1,0,0,0,0,0,0,0,0,0,0
655,0.5877560257704184,1,0,0,0,1,0,0,0,0,0,0,0,0,0,0,0,0,0
656,0.5261889695139721,0,0,0,0,0,0,0,1,0,0,0,0,0,0,0,0,0,0
657,0.5261889695139721,0,0,0,0,0,0,0,0,0,0,0,0,0,1,0,1,0,0
658,0.5261889695139721,0,0,0,0,0,0,0,1,0,0,0,0,0,0,0,0,0,0
659,0.5261889695139721,1,1,0,0,0,0,0,0,0,0,0,0,0,0,0,0,0,0
660,0.5261889695139721,0,0,0,1,1,0,0,0,1,0,0,0,0,0,0,0,0,0
661,0.5261889695139721,0,0,0,0,0,0,0,0,0,0,1,0,0,0,0,1,0,0
662,0.5261889695139721,0,0,0,0,0,0,0,1,0,0,0,0,0,0,0,0,0,0
663,0.5261889695139721,0,0,0,0,0,0,0,1,0,0,0,0,0,0,0,0,0,0
664,0.6207855623886837,0,0,0,0,0,0,0,1,0,0,0,0,0,0,0,0,0,0
665,0.6210497986816298,0,0,0,0,1,1,0,0,0,0,0,0,1,0,0,1,0,0
666,0.3330322393703573,0,1,0,0,0,0,0,0,0,0,0,0,0,0,1,0,0,0
667,0.14013974551968864,0,0,0,0,0,0,0,1,0,0,0,0,0,1,0,0,0,0
668,0.46382920437868747,0,0,0,0,0,0,0,0,0,0,0,0,0,0,0,0,0,1
669,-0.053016984623926164,0,0,0,0,0,0,0,1,0,0,0,0,0,0,0,0,0,0
670,0.4294784862956917,0,1,0,0,0,0,0,1,0,0,0,0,0,0,0,0,0,0
671,0.44348300982183614,0,0,0,0,0,0,0,0,0,0,0,0,0,0,1,1,0,0
672,0.44533266387245896,0,0,0,0,1,0,0,0,0,0,0,0,0,0,0,0,0,0
673,0.4601298962774418,0,0,0,0,0,0,0,1,0,0,1,0,0,0,0,0,0,0
674,0.478097964197778,0,0,0,1,1,0,0,0,0,0,0,0,0,0,0,0,0,0
675,0.48549658040026944,1,1,0,0,0,0,0,0,0,0,0,0,0,0,0,1,0,0
676,0.49157401513803023,0,0,0,0,0,0,0,0,0,0,0,0,0,0,1,1,0,0
677,0.4934236691886531,0,0,0,1,1,0,0,0,0,0,0,0,0,0,0,0,0,0
678,0.5211684799479959,0,0,0,0,0,0,0,1,0,0,0,0,0,0,0,0,0,0
679,0.5692594852641899,0,0,0,0,1,0,0,1,0,0,0,0,0,1,0,0,0,0
680,0.5261889695139721,0,0,0,0,0,0,0,1,0,0,0,0,0,0,0,0,0,0
681,0.3330322393703573,0,0,0,0,0,0,0,1,0,0,0,0,0,0,0,1,0,0
682,0.23658599244502299,0,0,0,0,1,0,0,0,0,0,0,0,0,0,0,0,0,0
683,0.23658599244502299,0,0,0,0,1,0,0,1,0,0,0,0,0,0,0,0,0,0
684,0.14013974551968864,0,0,0,0,0,0,0,1,0,0,0,0,0,0,0,0,0,0
685,0.23658599244502299,0,0,0,0,0,0,0,0,0,0,0,0,0,0,0,1,0,0
686,0.23658599244502299,0,0,0,0,1,0,0,1,0,0,0,0,0,0,0,0,1,0
687,-2.755361552583911,0,0,0,0,1,0,0,0,0,0,0,0,1,1,0,1,0,0
688,-1.0180079264631618,0,0,1,1,0,0,0,0,0,0,0,0,0,0,0,0,0,0
689,0.5415146745048471,0,0,0,0,1,0,0,0,0,0,0,0,0,1,0,0,0,0
690,0.3330322393703573,0,0,0,0,0,0,0,1,0,0,0,0,0,1,0,0,0,0
691,0.3330322393703573,0,0,0,0,0,0,0,1,0,0,0,0,0,0,0,0,0,0
692,0.3330322393703573,0,1,0,1,0,0,0,0,1,0,0,0,0,0,0,0,0,0
693,0.3330322393703573,0,0,0,0,1,0,0,0,0,0,0,0,0,0,0,0,0,0
694,0.3330322393703573,0,0,0,0,0,0,0,1,0,0,0,0,0,1,0,0,0,0
695,0.23658599244502299,0,0,0,0,0,0,0,1,0,0,0,0,0,0,0,0,0,0
696,0.14013974551968864,0,0,0,0,1,0,0,0,0,0,0,0,0,0,0,0,0,0
697,0.14013974551968864,0,0,0,0,0,0,0,1,0,0,0,0,0,0,0,0,0,0
698,0.14013974551968864,0,0,0,0,0,0,0,1,0,0,0,0,0,0,0,1,0,0
699,-2.2728660816642927,0,0,1,1,0,0,0,0,0,0,0,0,0,0,0,0,0,0
700,-0.053016984623926164,0,0,0,0,1,0,0,0,0,0,0,0,0,0,0,0,1,0
701,0.4294784862956917,0,0,0,0,0,0,0,1,0,0,0,0,0,0,0,1,0,0
702,0.4564305881761961,0,0,0,0,0,0,0,0,0,0,0,0,0,0,0,1,0,0
703,0.4582802422268189,1,0,0,0,0,0,0,0,0,0,0,0,0,0,0,0,0,0
704,0.4934236691886531,0,0,0,0,0,0,0,1,0,0,0,0,0,0,0,1,0,0
705,0.5341160583023558,0,0,0,0,0,0,0,0,0,0,0,0,0,0,0,1,0,0
706,0.5359657123529786,0,0,0,0,1,0,0,0,0,0,0,0,0,1,0,0,0,0
707,0.5483848181214463,0,0,1,1,0,0,0,0,0,0,0,1,0,0,0,0,0,0
708,0.5507629447579614,0,0,0,0,0,0,0,1,0,0,0,0,0,1,0,0,0,0
709,0.5729587933654356,0,1,1,1,1,0,0,0,0,0,0,1,0,0,0,0,0,0
710,0.5261889695139721,0,0,0,0,1,0,0,0,0,0,0,0,0,0,0,0,0,0
711,0.5341160583023558,0,0,0,0,1,0,0,0,0,0,0,0,0,0,0,0,0,0
712,0.46145107774217237,0,0,0,0,0,0,0,1,0,0,0,0,0,0,0,0,0,0
713,0.4730774746318017,0,0,0,0,0,0,0,1,0,0,0,0,0,0,0,0,0,0
714,0.48972436108740736,0,0,0,0,0,0,0,1,0,0,0,0,0,0,0,0,0,0
715,0.5008222853911445,0,0,0,0,0,1,0,0,0,0,0,0,0,0,0,0,0,0
716,0.54336432855547,0,0,0,0,1,0,0,1,0,0,0,0,0,0,0,0,0,0
717,0.5526125988085843,1,1,0,0,0,0,0,0,0,0,0,0,0,0,0,1,0,0
718,0.55631190690983,0,0,0,0,1,0,0,0,0,0,0,0,0,0,0,0,0,0
719,0.5674098312135671,1,1,0,0,0,0,0,0,0,0,0,0,0,0,0,1,0,0
720,0.5045215934923902,0,0,0,0,0,0,0,1,0,0,0,0,0,0,0,0,0,0
721,-0.1494632315492605,0,0,0,0,0,0,0,1,0,0,0,0,0,0,0,0,0,0
722,-0.24590947847459485,1,0,0,0,0,0,0,0,0,0,0,0,0,0,0,1,0,0
723,-2.755361552583911,0,0,0,0,0,0,0,1,0,0,0,0,0,0,0,0,0,0
724,0.5261889695139721,0,0,0,0,0,0,1,0,0,0,0,0,0,0,0,0,0,0
725,0.5600112150110756,0,0,0,0,1,0,0,0,0,0,0,0,0,0,0,0,0,0
726,0.5261889695139721,1,0,0,0,0,0,0,1,0,0,0,0,0,0,0,1,0,0
727,0.3330322393703573,0,0,0,0,1,0,0,0,0,0,0,0,0,1,0,0,0,0
728,0.44718231792308183,0,1,0,1,0,0,0,0,0,0,0,0,0,0,0,0,0,0
729,0.14013974551968864,0,0,0,0,1,0,0,0,0,0,0,0,0,0,0,0,0,0
730,0.5322664042517329,0,0,0,0,0,0,0,1,0,0,0,0,0,0,0,0,0,0
731,0.3330322393703573,0,0,0,0,1,0,0,0,0,0,0,0,0,1,0,0,0,0
732,0.23658599244502299,0,0,0,0,1,0,0,1,0,0,0,0,0,0,0,0,0,0
733,0.14013974551968864,0,0,0,0,0,0,0,0,0,0,0,0,0,0,0,1,0,0
734,0.4804760908342931,0,0,0,0,1,0,0,0,0,0,0,0,0,0,0,0,0,0
735,0.49157401513803023,0,0,0,0,1,0,0,0,0,0,0,0,0,1,0,0,0,0
736,-4.2995584485610445,0,0,0,0,0,0,0,1,0,0,0,0,0,1,0,0,0,0
737,0.5066354838359591,0,0,0,0,1,0,0,0,0,0,0,0,0,0,0,0,0,0
738,0.4294784862956917,0,0,0,0,1,0,0,0,0,0,0,0,0,0,0,0,0,0
739,0.48417539893553885,0,1,0,1,0,0,0,0,0,0,0,0,0,0,0,0,0,0
740,0.3330322393703573,0,0,0,1,0,0,0,1,0,0,0,0,0,0,0,0,0,0
741,-0.8251154326124932,0,0,0,0,0,0,1,0,0,0,0,0,0,0,0,0,1,0
742,0.44295453723594386,0,0,0,0,1,0,0,0,0,0,0,0,0,0,0,0,0,0
743,0.23658599244502299,0,0,0,0,0,0,0,0,0,0,0,0,0,0,0,1,0,0
744,0.23658599244502299,0,0,0,0,1,0,0,1,0,0,0,0,0,0,0,0,0,0
745,0.48417539893553885,0,0,0,0,1,0,0,0,0,0,0,1,0,0,0,0,0,0
746,0.5692594852641899,1,0,0,0,0,0,0,0,0,0,0,0,0,1,0,1,0,0
747,0.14013974551968864,0,0,0,0,0,0,0,0,0,0,0,0,0,0,0,1,0,0
748,-1.4040571504574453,0,1,1,1,0,0,0,0,0,0,0,1,0,0,0,0,0,0
749,0.4508816260243275,0,0,0,0,1,0,0,0,0,0,0,0,0,0,0,0,0,0
750,0.14013974551968864,0,0,0,0,0,0,0,1,0,0,0,0,1,0,0,0,0,0
751,0.3330322393703573,1,0,0,0,1,0,0,0,0,0,0,1,0,0,1,0,0,0
752,-1.307610903532111,0,0,0,0,1,0,0,0,0,0,0,0,0,0,0,0,0,0
753,-0.43906620861820966,0,0,0,0,0,0,0,1,0,0,0,0,0,1,0,0,0,0
754,-3.2378570235035284,0,1,0,0,0,0,0,1,0,0,0,0,0,0,0,0,0,0
755,0.4971229772898988,0,0,0,0,0,0,0,1,0,0,0,0,0,1,0,0,0,0
756,-1.59721388060106,0,1,0,1,0,0,0,0,1,0,0,0,0,0,0,0,0,0
757,0.5058427749571208,0,0,0,0,0,0,0,1,0,0,0,0,0,0,0,0,0,0
758,-0.053016984623926164,0,0,0,0,0,0,0,1,0,0,0,1,0,0,0,0,0,0
759,0.3330322393703573,1,0,0,0,0,1,0,0,0,0,0,0,0,0,0,1,0,0
760,0.5378153664036015,0,0,0,0,0,0,1,0,0,0,0,0,0,0,0,0,0,0
761,-0.1494632315492605,1,0,0,0,1,0,0,0,0,0,0,0,0,0,0,0,0,1
762,0.23658599244502299,0,0,0,0,0,1,0,1,0,0,0,0,0,0,0,0,0,0
763,0.45114586231727366,0,0,0,0,1,0,0,1,0,0,0,0,0,0,0,0,0,0
764,0.3330322393703573,0,0,0,0,0,0,0,0,0,0,0,0,0,0,1,1,0,0
765,0.4619795503280646,1,0,0,0,0,0,0,0,0,0,0,0,0,0,1,0,0,0
766,0.3330322393703573,0,0,0,0,0,0,0,0,0,0,0,0,0,0,0,1,0,0
767,0.3330322393703573,0,0,0,0,0,0,0,1,0,0,0,0,0,0,0,0,0,0
768,0.23658599244502299,0,0,0,0,0,0,0,1,0,0,0,0,0,0,0,0,0,0
769,0.5618608690616985,0,0,0,0,0,1,0,1,0,0,0,0,0,0,0,0,0,0
770,0.3330322393703573,1,0,0,0,0,0,0,0,0,0,0,0,0,0,0,0,0,0
771,0.5304167502011101,1,0,0,0,0,0,0,0,0,0,0,0,0,0,0,0,0,0
772,0.3330322393703573,0,0,0,0,0,0,0,1,0,0,0,0,0,0,0,0,0,0
