,age,gender_encoded,occupation_artist,occupation_doctor,occupation_educator,occupation_engineer,occupation_entertainment,occupation_executive,occupation_healthcare,occupation_homemaker,occupation_lawyer,occupation_librarian,occupation_marketing,occupation_none,occupation_other,occupation_programmer,occupation_retired,occupation_salesman,occupation_scientist,occupation_student,occupation_technician,occupation_writer
0,-0.8255189196523949,1,0,0,0,0,0,0,0,0,0,0,0,0,0,0,0,0,0,0,1,0
1,1.5659472359217432,0,0,0,0,0,0,0,0,0,0,0,0,0,1,0,0,0,0,0,0,0
2,-0.9079832698446065,1,0,0,0,0,0,0,0,0,0,0,0,0,0,0,0,0,0,0,0,1
3,-0.08333976792248997,0,0,0,0,0,0,0,0,0,0,0,0,0,1,0,0,0,0,0,0,0
4,0.6588393838074149,1,0,0,0,0,0,1,0,0,0,0,0,0,0,0,0,0,0,0,0,0
5,1.8958046366905899,1,0,0,0,0,0,0,0,0,0,0,0,0,0,0,0,0,0,0,0,0
6,0.164053282654145,1,0,0,0,0,0,0,0,0,0,0,0,0,0,0,0,0,0,0,0,0
7,1.5659472359217432,1,0,0,0,0,0,0,0,0,1,0,0,0,0,0,0,0,0,0,0,0
8,0.41144633323078,0,0,0,0,0,0,0,0,0,0,0,0,0,1,0,0,0,0,0,0,0
9,-0.49566151888354826,0,0,0,0,0,0,0,0,0,0,0,0,0,1,0,0,0,0,0,0,0
10,1.0711611347684733,1,0,0,1,0,0,0,0,0,0,0,0,0,0,0,0,0,0,0,0,0
11,0.9062324343840499,1,0,0,0,0,0,0,0,0,0,0,0,0,0,0,0,0,1,0,0,0
12,1.2360898351528966,0,0,0,1,0,0,0,0,0,0,0,0,0,0,0,0,0,0,0,0,0
13,-1.07291197022903,1,0,0,0,0,1,0,0,0,0,0,0,0,0,0,0,0,0,0,0,0
14,0.08158893246193334,0,0,0,0,0,0,0,0,0,0,0,0,0,1,0,0,0,0,0,0,0
15,0.6588393838074149,0,0,0,0,0,0,0,0,1,0,0,0,0,0,0,0,0,0,0,0,0
16,-0.6605902192679716,1,0,0,0,0,0,0,0,0,0,0,0,0,0,0,0,0,0,0,0,1
17,-0.7430545694601832,1,0,0,0,0,0,0,0,0,0,0,0,0,0,0,0,0,0,0,0,1
18,-0.33073281849912495,0,1,0,0,0,0,0,0,0,0,0,0,0,0,0,0,0,0,0,0,0
19,-1.07291197022903,0,1,0,0,0,0,0,0,0,0,0,0,0,0,0,0,0,0,0,0,0
20,0.41144633323078,1,0,0,0,1,0,0,0,0,0,0,0,0,0,0,0,0,0,0,0,0
21,1.2360898351528966,1,0,0,0,1,0,0,0,0,0,0,0,0,0,0,0,0,0,0,0,0
22,-0.16580411811470164,1,0,0,0,0,0,0,0,0,0,0,0,0,0,0,0,0,0,0,0,1
23,0.5763750336152033,1,0,0,0,0,0,0,0,0,0,0,0,0,0,1,0,0,0,0,0,0
24,-2.227412872919993,1,0,0,0,0,0,0,0,0,0,0,0,0,0,0,0,0,0,1,0,0
25,-0.8255189196523949,1,1,0,0,0,0,0,0,0,0,0,0,0,0,0,0,0,0,0,0,0
26,-0.49566151888354826,0,0,0,0,0,0,0,0,0,0,0,0,0,0,0,0,0,0,1,0,0
27,-0.9079832698446065,1,0,0,0,0,0,0,0,0,0,0,0,0,0,0,0,0,0,1,0,0
28,-0.49566151888354826,0,0,0,0,0,0,0,0,0,0,0,0,0,1,0,0,0,0,0,0,0
29,0.32898198303856835,1,0,0,0,0,0,0,0,0,0,0,0,0,0,0,0,0,1,0,0,0
30,-0.08333976792248997,1,0,0,0,1,0,0,0,0,0,0,0,0,0,0,0,0,0,0,0,0
31,-0.33073281849912495,1,0,0,0,0,0,0,0,0,0,0,0,0,0,0,0,0,0,0,0,0
32,-0.4131971686913366,0,0,0,0,0,0,0,0,0,0,1,0,0,0,0,0,0,0,0,0,0
33,-0.6605902192679716,1,0,0,0,0,0,0,0,0,0,0,0,0,0,0,0,0,0,0,1,0
34,-0.4131971686913366,1,0,0,0,0,0,0,0,0,0,0,0,0,0,1,0,0,0,0,0,0
35,0.9062324343840499,1,0,0,0,0,0,0,0,0,0,0,0,0,0,0,0,0,0,0,0,0
36,-0.9079832698446065,0,0,0,0,0,0,0,0,0,0,0,0,0,0,0,0,0,0,1,0,0
37,-1.3203050208056648,0,0,0,0,0,0,0,0,0,0,0,0,0,0,0,0,0,0,1,0,0
38,-0.9904476200368182,1,0,0,0,0,0,1,0,0,0,0,0,0,0,0,0,0,0,0,0,0
39,-0.7430545694601832,1,0,0,0,0,0,0,0,0,0,1,0,0,0,0,0,0,0,0,0,0
40,-1.4852337211900881,1,0,0,0,0,0,0,0,0,0,0,0,1,0,0,0,0,0,0,0,0
41,-0.5781258690757599,1,0,0,0,0,0,0,0,0,0,0,0,0,0,1,0,0,0,0,0,0
42,1.2360898351528966,1,0,0,1,0,0,0,0,0,0,0,0,0,0,0,0,0,0,0,0,0
43,1.3185541853451082,1,0,0,0,0,0,0,1,0,0,0,0,0,0,0,0,0,0,0,0,0
44,-0.5781258690757599,0,0,0,0,0,0,0,0,0,0,0,0,0,0,0,0,0,0,0,0,0
45,-0.2482684683069133,1,0,0,0,0,0,0,0,0,0,0,1,0,0,0,0,0,0,0,0,0
46,-0.16580411811470164,1,0,0,1,0,0,0,0,0,0,0,0,0,0,0,0,0,0,0,0,0
47,1.40101853553732,0,0,0,1,0,0,0,0,0,0,0,0,0,0,0,0,0,0,0,0,0
48,-0.9079832698446065,1,0,0,0,0,0,0,0,0,0,0,0,0,0,0,0,0,0,1,0,0
49,-1.2378406706134533,1,0,0,0,0,0,0,0,0,0,0,0,0,0,0,0,0,0,1,0,0
50,-0.8255189196523949,1,0,0,0,1,0,0,0,0,0,0,0,0,0,0,0,0,0,0,0,0
51,-0.5781258690757599,1,0,0,0,1,0,0,0,0,0,0,0,0,0,0,0,0,0,0,0,0
52,0.41144633323078,1,0,0,0,0,0,0,0,0,0,0,0,0,0,0,0,0,1,0,0,0
53,1.1536254849606848,0,0,0,0,0,0,0,0,0,0,0,0,0,0,0,0,0,0,0,0,0
54,-0.8255189196523949,1,0,0,0,0,0,0,0,0,0,0,0,0,0,0,0,0,0,1,0,0
55,0.41144633323078,1,0,0,0,0,0,0,0,0,0,0,0,0,0,0,0,0,1,0,0,0
56,-0.8255189196523949,1,0,0,0,0,1,0,0,0,0,0,0,0,0,0,0,0,0,0,0,0
57,-1.1553763204212415,1,0,0,0,0,0,0,0,0,0,0,0,0,0,0,0,0,0,1,0,0
58,-0.33073281849912495,1,0,0,0,0,0,0,0,0,0,0,0,0,0,0,0,0,0,0,1,0
59,0.41144633323078,0,0,0,0,0,0,0,0,0,0,0,0,0,0,0,0,0,0,0,0,0
60,-1.07291197022903,1,0,0,0,0,0,0,0,0,0,0,0,0,0,0,0,0,0,1,0,0
61,1.3185541853451082,1,0,0,0,0,0,0,0,0,0,0,0,0,0,1,0,0,0,0,0,0
62,0.49391068342299166,1,0,0,0,0,0,0,0,0,0,0,0,0,1,0,0,0,0,0,0,0
63,-0.16580411811470164,1,0,0,0,0,0,1,0,0,0,0,0,0,0,0,0,0,0,0,0,0
64,1.40101853553732,1,0,0,1,0,0,0,0,0,0,0,0,0,0,0,0,0,0,0,0,0
65,1.0711611347684733,1,0,0,0,0,0,0,0,0,0,0,0,0,0,0,0,0,0,0,0,0
66,0.7413037339996266,0,0,0,0,0,0,0,0,0,0,0,0,0,0,0,0,0,0,0,0,0
67,2.1431976872672247,1,0,0,1,0,0,0,0,0,0,0,0,0,0,0,0,0,0,0,0,0
68,1.7308759363061665,1,0,0,0,0,0,0,0,0,0,0,1,0,0,0,0,0,0,0,0,0
69,-0.16580411811470164,1,0,0,0,0,1,0,0,0,0,0,0,0,0,0,0,0,0,0,0,0
70,-0.6605902192679716,1,0,0,0,0,0,0,0,0,0,0,0,0,0,0,0,0,0,1,0,0
71,-0.2482684683069133,1,0,0,0,0,0,0,0,0,0,0,0,0,0,0,0,0,0,0,0,0
72,-0.7430545694601832,0,1,0,0,0,0,0,0,0,0,0,0,0,0,0,0,0,0,0,0,0
73,0.7413037339996266,1,1,0,0,0,0,0,0,0,0,0,0,0,0,0,0,0,0,0,0,0
74,-1.1553763204212415,1,0,0,0,0,0,0,0,0,0,0,0,0,0,0,0,0,0,1,0,0
75,0.164053282654145,1,0,0,0,0,0,1,0,0,0,0,0,0,0,0,0,0,0,0,0,0
76,-1.5676980713822999,1,0,0,0,0,0,0,0,0,0,0,0,0,0,0,0,0,0,1,0,0
77,0.32898198303856835,1,0,0,0,0,0,0,0,0,0,0,0,0,0,1,0,0,0,0,0,0
78,-0.5781258690757599,1,0,0,0,0,0,0,0,0,0,0,0,0,0,0,0,0,0,1,0,0
79,2.2256620374594362,1,0,0,0,0,0,0,0,0,0,0,0,0,0,0,1,0,0,0,0,0
80,0.8237680841918382,1,0,0,1,0,0,0,0,0,0,0,0,0,0,0,0,0,0,0,0,0
81,-0.4131971686913366,1,0,0,0,0,0,0,0,0,0,0,0,0,1,0,0,0,0,0,0,0
82,-1.2378406706134533,1,0,0,0,0,0,0,0,0,0,0,0,0,0,0,0,0,0,1,0,0
83,-0.33073281849912495,1,0,0,0,0,0,0,0,0,0,0,0,0,0,0,0,1,0,0,0,0
84,1.0711611347684733,1,0,0,0,0,0,1,0,0,0,0,0,0,0,0,0,0,0,0,0,0
85,-0.5781258690757599,1,0,0,0,0,0,0,0,0,0,0,0,0,0,1,0,0,0,0,0,0
86,-0.2482684683069133,1,0,0,0,1,0,0,0,0,0,0,0,0,0,0,0,0,0,0,0,0
87,0.49391068342299166,1,0,0,0,0,0,0,1,0,0,0,0,0,0,0,0,0,0,0,0,0
88,-1.1553763204212415,1,0,0,0,0,0,0,0,0,0,0,0,0,0,0,0,0,0,1,0,0
89,-1.07291197022903,1,0,0,0,0,0,0,0,0,0,0,0,0,0,0,0,0,0,0,0,0
90,-0.16580411811470164,1,0,0,0,0,0,0,0,0,0,0,0,0,0,1,0,0,0,0,0,0
91,1.6484115861139548,1,0,0,0,0,0,0,0,0,0,1,0,0,0,0,0,0,0,0,0,0
92,-0.16580411811470164,0,0,0,0,0,0,0,0,0,0,0,0,0,0,0,0,0,0,0,0,1
93,1.1536254849606848,0,1,0,0,0,0,0,0,0,0,0,0,0,0,0,0,0,0,0,0,0
94,-0.33073281849912495,1,0,0,0,0,0,0,0,0,1,0,0,0,0,0,0,0,0,0,0,0
95,-0.49566151888354826,0,0,0,0,0,0,0,0,0,1,0,0,0,0,0,0,0,0,0,0,0
96,-0.8255189196523949,0,0,0,0,0,0,0,0,0,0,0,1,0,0,0,0,0,0,0,0,0
97,-1.1553763204212415,1,0,0,0,0,0,0,0,0,0,0,0,1,0,0,0,0,0,0,0,0
98,-0.9079832698446065,1,0,0,0,0,0,0,0,0,0,0,0,0,0,0,0,0,0,1,0,0
99,1.40101853553732,1,0,0,0,0,0,0,0,0,0,0,0,0,1,0,0,0,0,0,0,0
100,1.3185541853451082,1,0,0,1,0,0,0,0,0,0,0,0,0,0,0,0,0,0,0,0,0
101,0.9886967845762615,1,0,1,0,0,0,0,0,0,0,0,0,0,0,0,0,0,0,0,0,0
102,1.2360898351528966,1,0,0,0,0,0,0,0,0,0,0,0,0,0,1,0,0,0,0,0,0
103,-1.7326267717667232,1,0,0,0,0,0,0,0,0,0,0,0,0,1,0,0,0,0,0,0,0
104,1.5659472359217432,1,0,0,0,0,0,0,0,0,0,0,0,0,0,1,0,0,0,0,0,0
105,-0.2482684683069133,1,0,0,0,0,1,0,0,0,0,0,0,0,0,0,0,0,0,0,0,0
106,-0.08333976792248997,1,0,0,0,1,0,0,0,0,0,0,0,0,0,0,0,0,0,0,0,0
107,0.08158893246193334,0,0,0,0,0,0,0,0,0,0,0,1,0,0,0,0,0,0,0,0,0
108,-1.1553763204212415,0,1,0,0,0,0,0,0,0,0,0,0,0,0,0,0,0,0,0,0,0
109,0.32898198303856835,0,0,0,0,0,0,0,0,0,0,0,0,0,0,0,0,0,0,0,0,0
110,-0.08333976792248997,0,0,0,1,0,0,0,0,0,0,0,0,0,0,0,0,0,0,0,0,0
111,-0.7430545694601832,1,0,0,0,0,0,0,0,0,0,0,0,0,0,0,0,0,0,1,0,0
112,-0.7430545694601832,1,0,0,1,0,0,0,0,0,0,0,0,0,0,0,0,0,0,0,0,0
113,1.8958046366905899,1,0,0,0,1,0,0,0,0,0,0,0,0,0,0,0,0,0,0,0,0
114,1.3185541853451082,1,0,0,1,0,0,0,0,0,0,0,0,0,0,0,0,0,0,0,0,0
115,-0.9079832698446065,0,0,0,0,0,0,0,0,0,0,0,0,0,0,0,0,0,0,1,0,0
116,-0.5781258690757599,1,0,0,0,0,0,0,0,0,0,0,0,0,0,1,0,0,0,0,0,0
117,1.3185541853451082,1,0,0,0,0,0,0,0,0,1,0,0,0,0,0,0,0,0,0,0,0
118,-0.7430545694601832,1,1,0,0,0,0,0,0,0,0,0,0,0,0,0,0,0,0,0,0,0
119,1.0711611347684733,1,0,0,0,0,0,0,1,0,0,0,0,0,0,0,0,0,0,0,0,0
120,-1.1553763204212415,0,0,0,0,0,0,0,0,0,0,0,0,0,1,0,0,0,0,0,0,0
121,0.24651763284635667,1,0,0,0,0,0,0,0,0,0,0,0,0,1,0,0,0,0,0,0,0
122,1.1536254849606848,1,0,0,0,0,0,0,0,0,0,0,0,0,1,0,0,0,0,0,0,0
123,1.4834828857295315,0,0,0,0,0,0,0,0,0,0,0,0,0,1,0,0,0,0,0,0,0
124,1.813340286498378,1,0,0,0,0,0,0,0,0,0,0,0,0,1,0,0,0,0,0,0,0
125,-0.33073281849912495,0,0,0,0,0,0,0,0,0,0,0,0,0,0,0,0,0,0,0,0,0
126,-0.6605902192679716,0,0,0,0,0,0,0,0,0,0,0,0,0,0,0,0,0,1,0,0,0
127,-0.49566151888354826,1,0,0,0,0,0,0,0,0,0,0,0,0,0,0,0,0,1,0,0,0
128,-1.1553763204212415,1,0,0,0,0,0,0,0,0,0,0,0,0,0,1,0,0,0,0,0,0
129,-0.6605902192679716,1,0,0,0,0,0,0,0,0,0,0,0,0,1,0,0,0,0,0,0,0
130,-1.5676980713822999,1,0,0,0,0,1,0,0,0,0,0,0,0,0,0,0,0,0,0,0,0
131,-0.9904476200368182,0,0,0,0,0,0,0,0,0,0,0,0,0,0,0,0,0,0,0,0,0
132,-0.6605902192679716,1,0,0,0,0,0,1,0,0,0,0,0,0,0,0,0,0,0,0,0,0
133,-0.08333976792248997,1,0,0,0,0,0,0,0,0,0,0,0,0,0,0,0,0,1,0,0,0
134,0.24651763284635667,1,0,0,0,0,0,0,0,0,0,1,0,0,0,0,0,0,0,0,0,0
135,1.5659472359217432,0,0,0,0,0,0,0,0,0,0,1,0,0,0,0,0,0,0,0,0,0
136,0.41144633323078,0,0,0,0,0,0,1,0,0,0,0,0,0,0,0,0,0,0,0,0,0
137,-0.6605902192679716,1,0,0,1,0,0,0,0,0,0,0,0,0,0,0,0,0,0,0,0,0
138,0.6588393838074149,1,0,0,0,0,0,0,0,0,0,0,0,0,0,0,0,0,0,1,0,0
139,-0.16580411811470164,1,1,0,0,0,0,0,0,0,0,0,0,0,0,0,0,0,0,0,0,0
140,-0.33073281849912495,1,0,0,0,0,0,0,0,0,0,0,0,0,0,0,0,0,0,0,0,0
141,-0.4131971686913366,1,0,0,0,0,0,0,0,0,0,0,0,0,0,0,0,0,0,1,0,0
142,0.32898198303856835,1,0,0,0,0,0,0,0,0,0,0,0,0,0,0,0,0,0,0,0,0
143,0.6588393838074149,1,0,0,0,0,0,0,0,0,0,0,0,0,0,0,0,0,1,0,0,0
144,1.2360898351528966,1,0,0,0,0,0,0,0,0,0,0,0,0,0,0,0,0,0,0,0,1
145,1.7308759363061665,1,0,0,0,0,0,0,0,0,0,0,0,0,0,0,0,0,0,0,1,0
146,-1.07291197022903,0,0,0,0,0,0,0,0,0,0,0,0,0,0,0,0,0,0,1,0,0
147,-0.33073281849912495,1,0,0,0,0,0,0,0,0,0,0,0,0,0,0,0,0,0,0,0,1
148,0.49391068342299166,1,0,0,0,0,0,0,0,0,0,0,0,0,0,1,0,0,0,0,0,0
149,-0.5781258690757599,1,0,0,0,0,0,0,0,0,0,0,0,0,0,0,0,0,0,0,0,1
150,-0.7430545694601832,0,0,0,0,0,0,0,0,0,0,0,0,0,0,0,0,0,0,1,0,0
151,1.4834828857295315,0,0,0,0,0,0,0,0,0,0,1,0,0,0,0,0,0,0,0,0,0
152,-1.6501624215745114,0,0,0,0,0,0,0,0,0,0,0,0,0,0,0,0,0,0,1,0,0
153,0.41144633323078,1,0,0,0,0,0,0,0,0,0,0,1,0,0,0,0,0,0,0,0,0
154,0.7413037339996266,1,0,0,0,1,0,0,0,0,0,0,0,0,0,0,0,0,0,0,0,0
155,0.41144633323078,1,0,0,0,1,0,0,0,0,0,0,0,0,0,0,0,0,0,0,0,0
156,2.637983788420495,1,0,0,0,0,0,0,0,0,0,0,0,0,0,0,0,1,0,0,0,0
157,-0.08333976792248997,1,0,0,0,0,0,1,0,0,0,0,0,0,0,0,0,0,0,0,0,0
158,-0.6605902192679716,0,0,0,0,0,0,0,0,0,0,1,0,0,0,0,0,0,0,0,0,0
159,0.08158893246193334,1,0,0,0,0,0,0,0,0,0,0,0,0,0,1,0,0,0,0,0,0
160,-0.9904476200368182,1,0,0,0,1,0,0,0,0,0,0,0,0,0,0,0,0,0,0,0,0
161,-0.9904476200368182,1,0,0,0,0,0,0,0,0,0,0,0,0,1,0,0,0,0,0,0,0
162,0.24651763284635667,1,0,0,0,0,0,0,0,0,0,0,0,0,0,0,0,0,0,0,0,0
163,-1.2378406706134533,1,0,0,0,0,0,0,0,0,0,0,0,0,0,0,0,0,0,1,0,0
164,-0.4131971686913366,1,0,0,0,0,0,0,0,0,0,0,0,0,0,1,0,0,0,0,0,0
165,-1.2378406706134533,0,0,0,0,0,0,0,0,0,0,0,0,0,0,0,0,0,0,1,0,0
166,-0.2482684683069133,0,0,0,1,0,0,0,0,0,0,0,0,0,0,0,0,0,0,0,0,0
167,-0.49566151888354826,1,0,0,0,0,0,0,0,0,0,0,0,0,0,0,0,0,0,1,0,0
168,0.9886967845762615,1,0,0,0,0,0,1,0,0,0,0,0,0,0,0,0,0,0,0,0,0
169,-0.4131971686913366,0,0,0,0,0,0,0,0,0,0,1,0,0,0,0,0,0,0,0,0,0
170,-0.49566151888354826,0,0,0,0,0,0,0,0,0,0,0,0,0,0,0,0,0,0,1,0,0
171,0.9062324343840499,1,0,0,0,0,0,0,0,0,0,0,0,0,0,0,0,0,1,0,0,0
172,0.32898198303856835,1,0,0,0,1,0,0,0,0,0,0,0,0,0,0,0,0,0,0,0,0
173,2.1431976872672247,1,0,0,0,0,0,0,0,0,0,0,0,0,0,0,1,0,0,0,0,0
174,0.24651763284635667,1,0,0,1,0,0,0,0,0,0,0,0,0,0,0,0,0,0,0,0,0
175,0.8237680841918382,0,0,0,0,0,0,0,0,0,0,0,0,0,0,0,0,0,0,0,0,1
176,1.2360898351528966,1,0,0,0,0,0,0,0,0,0,0,0,0,0,0,0,0,0,0,0,0
177,0.41144633323078,1,1,0,0,0,0,0,0,0,0,0,0,0,0,0,0,0,0,0,0,0
178,-0.08333976792248997,1,0,0,1,0,0,0,0,0,0,0,0,0,0,0,0,0,0,0,0,0
179,-0.49566151888354826,1,0,0,0,0,0,0,0,0,0,0,0,0,0,0,0,0,0,0,1,0
180,-1.2378406706134533,1,0,0,0,0,0,0,0,0,0,0,0,0,0,0,0,0,0,1,0,0
181,-0.7430545694601832,1,0,0,0,0,0,0,0,0,0,0,0,0,0,0,0,0,0,1,0,0
182,-0.7430545694601832,1,0,0,0,0,0,0,0,0,0,0,0,0,0,0,0,0,0,1,0,0
183,-0.4131971686913366,1,0,0,0,0,0,1,0,0,0,0,0,0,0,0,0,0,0,0,0,0
184,-0.49566151888354826,1,0,1,0,0,0,0,0,0,0,0,0,0,0,0,0,0,0,0,0,0
185,-0.6605902192679716,0,0,0,0,0,0,0,0,0,0,1,0,0,0,0,0,0,0,0,0,0
186,0.8237680841918382,1,0,0,1,0,0,0,0,0,0,0,0,0,0,0,0,0,0,0,0,0
187,-0.9079832698446065,1,0,0,0,0,1,0,0,0,0,0,0,0,0,0,0,0,0,0,0,0
188,0.08158893246193334,0,0,0,0,0,0,0,0,0,0,0,0,1,0,0,0,0,0,0,0,0
189,-1.4027693709978766,1,0,0,0,0,0,0,0,0,0,0,0,0,0,0,0,0,0,1,0,0
190,-1.07291197022903,1,0,0,0,0,0,0,0,0,0,0,0,0,0,0,0,0,0,1,0,0
191,-1.2378406706134533,0,0,0,0,0,0,0,0,0,0,0,0,0,0,0,0,0,0,1,0,0
192,0.5763750336152033,1,0,0,0,0,0,0,0,0,0,0,0,0,0,1,0,0,0,0,0,0
193,0.164053282654145,0,0,0,0,0,0,0,0,0,0,0,0,0,0,0,0,0,0,0,0,1
194,-0.6605902192679716,1,0,0,0,0,0,1,0,0,0,0,0,0,0,0,0,0,0,0,0,0
195,-0.9079832698446065,1,0,0,0,1,0,0,0,0,0,0,0,0,0,0,0,0,0,0,0,0
196,-0.8255189196523949,1,0,0,0,1,0,0,0,0,0,0,0,0,0,0,0,0,0,0,0,0
197,-0.2482684683069133,0,0,0,0,0,0,0,0,0,0,1,0,0,0,0,0,0,0,0,0,0
198,-1.3203050208056648,0,0,0,0,0,0,0,0,0,0,0,0,0,0,0,0,0,0,1,0,0
199,1.40101853553732,1,0,0,0,1,0,0,0,0,0,0,0,0,0,0,0,0,0,0,0,0
200,-0.08333976792248997,1,0,0,0,0,0,0,0,0,0,0,0,0,0,0,0,0,1,0,0,0
201,-1.1553763204212415,0,0,0,0,0,0,0,0,0,0,0,0,0,0,0,0,0,0,1,0,0
202,0.32898198303856835,1,0,0,0,1,0,0,0,0,0,0,0,0,0,0,0,0,0,0,0,0
203,-1.07291197022903,1,0,0,0,0,0,0,0,0,0,0,0,0,0,0,0,0,0,1,0,0
204,0.08158893246193334,0,0,0,0,0,0,0,0,0,0,0,0,0,0,0,0,0,0,0,0,0
205,-0.08333976792248997,1,0,0,0,0,0,0,0,0,0,0,0,0,0,1,0,0,0,0,0,0
206,-0.33073281849912495,0,0,0,0,0,0,0,0,0,0,1,0,0,0,0,0,0,0,0,0,0
207,-0.49566151888354826,1,0,0,0,0,0,0,0,0,0,0,0,0,0,1,0,0,0,0,0,0
208,0.49391068342299166,1,0,0,0,0,0,1,0,0,0,0,0,0,0,0,0,0,0,0,0,0
209,-0.7430545694601832,1,0,0,0,0,0,0,0,0,0,0,0,0,0,1,0,0,0,0,0,0
210,-0.5781258690757599,1,0,0,0,0,0,0,0,0,0,0,0,0,0,0,0,0,0,1,0,0
211,-1.07291197022903,1,0,0,0,0,0,0,0,0,0,0,0,0,0,0,0,1,0,0,0,0
212,-0.0008754177302783101,1,0,0,0,0,0,0,0,0,0,0,1,0,0,0,0,0,0,0,0,0
213,0.49391068342299166,1,0,0,0,1,0,0,0,0,0,0,0,0,0,0,0,0,0,0,0,0
214,-1.2378406706134533,1,0,0,0,0,0,0,0,0,0,0,0,0,0,0,0,0,0,1,0,0
215,0.08158893246193334,0,0,0,0,0,0,0,0,0,0,0,0,0,0,1,0,0,0,0,0,0
216,-0.8255189196523949,1,0,0,0,0,0,0,0,0,0,0,0,0,0,0,0,0,0,0,0,1
217,-0.0008754177302783101,1,0,0,0,0,0,0,0,0,0,0,0,0,0,0,0,0,0,0,1,0
218,-0.2482684683069133,1,0,0,1,0,0,0,0,0,0,0,0,0,0,0,0,0,0,0,0,0
219,0.7413037339996266,0,0,0,0,0,0,0,0,0,0,0,0,0,0,0,0,0,0,0,0,0
220,-0.4131971686913366,0,0,0,1,0,0,0,0,0,0,0,0,0,0,0,0,0,0,0,0,0
221,0.8237680841918382,1,0,0,0,0,0,1,0,0,0,0,0,0,0,0,0,0,0,0,0,0
222,-0.4131971686913366,1,0,1,0,0,0,0,0,0,0,0,0,0,0,0,0,0,0,0,0,0
223,-0.8255189196523949,1,0,0,0,0,0,0,0,0,0,0,0,0,0,0,0,0,0,1,0,0
224,-1.2378406706134533,1,0,0,0,0,0,0,0,0,0,0,0,0,0,0,0,0,0,1,0,0
225,-0.9079832698446065,1,0,0,0,0,0,0,0,0,0,0,0,0,0,1,0,0,0,0,0,0
226,0.9062324343840499,1,0,0,0,0,0,0,0,0,0,0,0,0,1,0,0,0,0,0,0,0
227,-0.7430545694601832,1,0,0,0,0,0,0,0,0,0,0,0,0,0,0,0,0,0,1,0,0
228,2.1431976872672247,1,0,0,0,0,0,0,0,0,0,0,0,0,0,0,1,0,0,0,0,0
229,-0.16580411811470164,1,0,0,0,0,0,0,0,0,0,0,0,0,0,0,0,0,0,0,1,0
230,1.1536254849606848,1,0,0,0,0,0,0,0,0,0,0,0,0,1,0,0,0,0,0,0,0
231,0.5763750336152033,1,0,0,0,0,0,0,0,0,0,0,1,0,0,0,0,0,0,0,0,0
232,-1.1553763204212415,0,0,0,0,0,0,0,0,0,0,0,0,0,0,0,0,0,0,1,0,0
233,-0.2482684683069133,1,0,0,1,0,0,0,0,0,0,0,0,0,0,0,0,0,0,0,0,0
234,0.7413037339996266,0,0,0,0,0,0,0,0,0,0,0,0,0,1,0,0,0,0,0,0,0
235,2.555519438228283,1,0,0,0,0,0,0,0,0,0,0,0,0,0,0,1,0,0,0,0,0
236,-1.2378406706134533,1,0,0,0,0,0,0,0,0,0,0,0,0,0,0,0,0,0,1,0,0
237,1.2360898351528966,0,0,0,1,0,0,0,0,0,0,0,0,0,0,0,0,0,0,0,0,0
238,-1.1553763204212415,1,0,0,0,0,0,0,0,0,0,0,0,0,0,0,0,0,0,1,0,0
239,-1.07291197022903,1,0,0,0,0,0,0,0,0,0,0,0,0,0,0,0,0,0,1,0,0
240,-1.07291197022903,0,0,0,0,0,0,0,0,0,0,0,0,0,0,0,0,0,0,1,0,0
241,1.1536254849606848,1,0,0,0,0,0,0,0,0,0,0,0,0,0,0,0,0,0,0,1,0
242,0.5763750336152033,1,0,0,0,0,0,0,0,0,0,0,0,0,0,0,0,0,0,0,0,0
243,-0.9904476200368182,1,0,0,0,0,0,0,0,0,0,0,0,0,0,0,0,0,0,1,0,0
244,1.40101853553732,1,0,0,0,0,0,0,0,0,0,0,0,0,0,0,0,0,0,0,0,0
245,1.1536254849606848,1,0,0,1,0,0,0,0,0,0,0,0,0,0,0,0,0,0,0,0,0
246,0.08158893246193334,0,0,0,1,0,0,0,0,0,0,0,0,0,0,0,0,0,0,0,0,0
247,-0.08333976792248997,1,0,0,0,0,1,0,0,0,0,0,0,0,0,0,0,0,0,0,0,0
248,-1.1553763204212415,1,0,0,0,0,0,0,0,0,0,0,0,0,0,0,0,0,0,1,0,0
249,-0.16580411811470164,1,0,0,0,0,0,0,0,0,0,1,0,0,0,0,0,0,0,0,0,0
250,-0.9079832698446065,1,0,0,0,0,0,0,0,0,0,0,0,0,0,0,0,1,0,0,0,0
251,0.24651763284635667,1,0,0,0,0,0,0,0,0,0,0,0,0,0,0,0,0,1,0,0,0
252,0.41144633323078,0,0,0,0,0,0,0,0,0,0,1,0,0,0,0,0,0,0,0,0,0
253,0.08158893246193334,1,0,0,0,0,0,0,0,0,1,0,0,0,0,0,0,0,0,0,0,0
254,0.9886967845762615,1,0,0,0,1,0,0,0,0,0,0,0,0,0,0,0,0,0,0,0,0
255,-0.7430545694601832,0,0,0,0,0,0,0,0,0,0,0,0,0,1,0,0,0,0,0,0,0
256,0.7413037339996266,1,0,0,0,1,0,0,0,0,0,0,0,0,0,0,0,0,0,0,0,0
257,-0.33073281849912495,0,0,0,0,0,0,0,0,0,0,1,0,0,0,0,0,0,0,0,0,0
258,-0.49566151888354826,0,0,0,0,0,0,0,0,0,0,1,0,0,0,0,0,0,0,0,0,0
259,-0.0008754177302783101,1,0,0,0,0,0,0,0,0,0,0,0,0,1,0,0,0,0,0,0,0
260,-1.3203050208056648,1,0,0,0,0,0,0,0,0,0,0,0,0,0,0,0,0,0,1,0,0
261,-0.8255189196523949,0,0,0,0,0,0,0,0,0,0,0,0,0,0,0,0,0,0,1,0,0
262,2.802912488804918,1,0,0,0,0,0,0,0,0,0,0,0,0,0,0,1,0,0,0,0,0
263,-0.16580411811470164,1,0,0,0,0,0,0,0,0,0,0,0,0,0,0,0,0,0,1,0,0
264,2.2256620374594362,1,0,0,1,0,0,0,0,0,0,0,0,0,0,0,0,0,0,0,0,0
265,0.24651763284635667,0,0,0,0,0,0,0,0,0,0,0,0,0,0,1,0,0,0,0,0,0
266,-0.4131971686913366,0,0,0,0,0,0,0,0,0,0,1,0,0,0,0,0,0,0,0,0,0
267,-0.6605902192679716,1,0,0,0,0,0,1,0,0,0,0,0,0,0,0,0,0,0,0,0,0
268,0.49391068342299166,1,0,0,1,0,0,0,0,0,0,0,0,0,0,0,0,0,0,0,0,0
269,1.40101853553732,1,0,0,0,0,0,0,0,0,0,0,0,0,1,0,0,0,0,0,0,0
270,-0.9904476200368182,1,0,0,0,0,0,0,0,0,0,0,0,0,0,0,0,0,0,1,0,0
271,-1.1553763204212415,1,0,0,0,0,0,0,0,0,0,0,0,0,0,0,0,0,0,1,0,0
272,-0.4131971686913366,1,0,0,0,0,0,0,0,0,1,0,0,0,0,0,0,0,0,0,0,0
273,-1.4027693709978766,1,0,0,0,0,0,0,0,0,0,0,0,0,0,0,0,0,0,1,0,0
274,-1.3203050208056648,1,0,0,0,0,0,0,0,0,0,0,0,0,0,0,0,0,0,1,0,0
275,1.4834828857295315,1,0,0,0,0,0,0,0,0,0,0,0,0,0,0,0,0,0,0,0,1
276,0.164053282654145,1,0,0,0,1,0,0,0,0,0,0,0,0,0,0,0,0,0,0,0,0
277,-0.7430545694601832,0,0,0,0,0,0,0,0,0,0,0,0,0,0,0,0,0,0,1,0,0
278,-0.8255189196523949,0,0,0,0,0,0,0,0,0,0,0,0,0,1,0,0,0,0,0,0,0
279,0.164053282654145,1,0,0,0,0,0,1,0,0,0,0,0,0,0,0,0,0,0,0,0,0
280,-0.49566151888354826,0,0,0,0,0,0,0,0,0,0,0,0,0,1,0,0,0,0,0,0,0
281,-0.9904476200368182,1,0,0,0,0,0,0,0,0,0,0,0,0,0,0,0,0,0,1,0,0
282,0.08158893246193334,1,0,0,0,0,0,0,0,0,0,0,0,0,0,0,0,0,0,1,0,0
283,0.8237680841918382,1,0,0,0,0,0,0,0,0,0,0,0,0,0,1,0,0,0,0,0,0
284,-0.16580411811470164,1,0,0,0,1,0,0,0,0,0,0,0,0,0,0,0,0,0,0,0,0
285,-0.08333976792248997,1,1,0,0,0,0,0,0,0,0,0,0,0,0,0,0,0,0,0,0,0
286,0.9062324343840499,1,0,0,0,1,0,0,0,0,0,0,0,0,0,0,0,0,0,0,0,0
287,0.6588393838074149,1,0,0,0,0,0,0,0,0,0,0,0,0,0,0,0,0,0,0,0,0
288,0.164053282654145,1,0,0,0,0,0,0,0,0,0,0,0,0,0,0,0,0,0,0,0,1
289,-0.08333976792248997,1,0,0,0,0,1,0,0,0,0,0,0,0,0,0,0,0,0,0,0,0
290,-0.2482684683069133,1,0,0,0,0,0,0,0,0,0,0,0,0,1,0,0,0,0,0,0,0
291,0.8237680841918382,0,0,0,0,0,0,0,0,0,0,0,0,0,0,0,0,0,0,0,0,1
292,0.6588393838074149,0,0,0,0,0,0,0,0,0,0,0,0,0,0,0,0,0,0,0,0,1
293,-0.9079832698446065,1,0,0,0,0,0,0,0,0,0,0,0,0,0,0,0,0,0,1,0,0
294,1.4834828857295315,1,0,0,0,0,0,0,0,0,0,0,0,0,0,0,0,0,0,0,0,1
295,-1.2378406706134533,1,0,0,0,0,0,0,0,0,0,0,0,0,0,0,0,0,0,1,0,0
296,-0.7430545694601832,1,0,0,0,0,0,0,0,0,0,0,0,0,0,0,0,0,0,0,0,0
297,0.7413037339996266,1,0,0,0,0,0,0,0,0,0,0,0,0,1,0,0,0,0,0,0,0
298,1.8958046366905899,1,0,0,0,1,0,0,0,0,0,0,0,0,0,0,0,0,0,0,0,0
299,-1.4027693709978766,1,0,0,0,0,0,0,0,0,0,0,0,0,0,0,0,0,0,1,0,0
300,0.49391068342299166,1,0,0,0,0,0,0,0,0,0,0,0,0,1,0,0,0,0,0,0,0
301,-0.7430545694601832,1,0,0,0,0,0,0,0,0,0,0,0,0,1,0,0,0,0,0,0,0
302,0.9886967845762615,0,0,0,0,0,0,0,1,0,0,0,0,0,0,0,0,0,0,0,0,0
303,-0.33073281849912495,1,0,0,0,1,0,0,0,0,0,0,0,0,0,0,0,0,0,0,0,0
304,0.24651763284635667,1,0,0,0,0,0,0,0,0,0,0,0,0,1,0,0,0,0,0,0,0
305,-0.4131971686913366,0,0,0,0,0,0,0,0,0,0,0,0,0,0,1,0,0,0,0,0,0
306,-0.9904476200368182,0,0,0,0,0,0,0,1,0,0,0,0,0,0,0,0,0,0,0,0,0
307,1.4834828857295315,1,0,0,1,0,0,0,0,0,0,0,0,0,0,0,0,0,0,0,0,0
308,-0.4131971686913366,1,0,0,0,1,0,0,0,0,0,0,0,0,0,0,0,0,0,0,0,0
309,1.1536254849606848,1,0,0,0,0,0,0,0,0,0,0,0,0,0,0,0,0,0,0,0,0
310,-0.0008754177302783101,1,0,0,1,0,0,0,0,0,0,0,0,0,0,0,0,0,0,0,0,0
311,-0.7430545694601832,1,0,0,1,0,0,0,0,0,0,0,0,0,0,0,0,0,0,0,0,0
312,1.7308759363061665,1,0,0,1,0,0,0,0,0,0,0,0,0,0,0,0,0,0,0,0,0
313,-1.1553763204212415,0,0,0,0,0,0,0,0,0,0,0,0,0,0,0,0,0,0,1,0,0
314,-0.5781258690757599,0,0,0,0,0,0,0,0,0,0,0,0,0,1,0,0,0,0,0,0,0
315,0.24651763284635667,1,0,0,0,0,0,0,0,0,1,0,0,0,0,0,0,0,0,0,0,0
316,1.5659472359217432,1,0,0,1,0,0,0,0,0,0,0,0,0,0,0,0,0,0,0,0,0
317,0.32898198303856835,0,0,0,0,0,0,0,0,0,0,0,0,0,0,1,0,0,0,0,0,0
318,-0.6605902192679716,1,0,0,0,0,1,0,0,0,0,0,0,0,0,0,0,0,0,0,0,0
319,2.4730550880360713,1,0,0,0,0,0,0,0,0,0,0,0,0,1,0,0,0,0,0,0,0
320,0.164053282654145,0,0,0,0,0,0,0,0,0,0,0,1,0,0,0,0,0,0,0,0,0
321,-1.2378406706134533,1,0,0,0,0,0,0,0,0,0,0,0,0,0,0,0,0,0,1,0,0
322,1.7308759363061665,1,0,0,1,0,0,0,0,0,0,0,0,0,0,0,0,0,0,0,0,0
323,-0.49566151888354826,1,0,0,0,0,0,0,0,0,0,0,0,0,0,0,0,0,0,1,0,0
324,-0.5781258690757599,1,0,0,0,0,0,0,0,0,0,0,0,0,0,0,0,0,0,1,0,0
325,0.32898198303856835,1,0,0,0,0,0,0,0,0,0,0,0,0,0,0,0,0,1,0,0,0
326,-0.9904476200368182,1,0,0,0,0,1,0,0,0,0,0,0,0,0,0,0,0,0,0,0,0
327,-0.5781258690757599,1,1,0,0,0,0,0,0,0,0,0,0,0,0,0,0,0,0,0,0,0
328,-1.4852337211900881,0,0,0,0,0,0,0,0,0,0,0,0,0,0,0,0,0,0,1,0,0
329,-0.8255189196523949,1,0,0,0,1,0,0,0,0,0,0,0,0,0,0,0,0,0,0,0,0
330,-0.33073281849912495,0,0,0,0,0,0,0,0,0,0,0,0,0,0,0,0,0,0,0,0,0
331,-0.5781258690757599,0,0,0,0,0,0,0,0,0,0,0,0,0,1,0,0,0,0,0,0,0
332,1.40101853553732,0,0,0,0,0,0,0,0,0,0,0,0,0,0,0,0,0,0,0,0,0
333,-0.33073281849912495,1,0,0,0,0,0,0,0,0,0,0,0,0,1,0,0,0,0,0,0,0
334,-0.9904476200368182,1,0,0,0,0,0,0,0,0,0,0,0,0,0,0,0,0,0,1,0,0
335,-1.07291197022903,1,0,0,0,0,0,0,0,0,0,0,0,0,0,0,0,0,0,0,0,1
336,1.8958046366905899,1,0,0,1,0,0,0,0,0,0,0,0,0,0,0,0,0,0,0,0,0
337,-0.33073281849912495,1,0,0,0,0,0,0,0,0,0,0,0,0,0,0,0,0,0,0,0,0
338,-0.9079832698446065,1,0,0,0,0,1,0,0,0,0,0,0,0,0,0,0,0,0,0,0,0
339,-0.9079832698446065,1,0,0,0,0,0,0,0,0,0,1,0,0,0,0,0,0,0,0,0,0
340,0.08158893246193334,0,0,0,1,0,0,0,0,0,0,0,0,0,0,0,0,0,0,0,0,0
341,-1.4852337211900881,1,0,0,0,0,0,0,0,0,0,0,0,0,0,0,0,0,0,1,0,0
342,0.08158893246193334,1,0,0,0,0,0,0,0,0,0,0,0,0,0,0,0,0,0,0,0,0
343,-1.3203050208056648,1,0,0,0,0,0,0,0,0,0,0,0,0,0,0,0,0,0,1,0,0
344,1.8958046366905899,1,0,0,0,0,0,0,0,0,0,0,0,0,1,0,0,0,0,0,0,0
345,1.1536254849606848,1,0,0,0,0,0,0,0,0,0,0,0,0,0,0,0,0,0,0,0,0
346,-0.8255189196523949,1,0,0,0,0,0,0,0,0,0,0,0,0,0,0,0,0,0,0,1,0
347,-0.08333976792248997,0,0,0,0,0,0,0,0,0,0,0,0,0,0,0,0,1,0,0,0,0
348,1.0711611347684733,1,0,0,0,0,0,0,0,0,0,0,0,0,0,0,0,0,0,0,1,0
349,-0.9904476200368182,1,0,0,0,0,0,0,0,0,0,0,0,0,0,0,0,0,0,1,0,0
350,0.8237680841918382,0,0,0,0,0,0,0,0,0,0,0,0,0,1,0,0,0,0,0,0,0
351,-1.2378406706134533,0,0,0,0,0,0,0,0,0,0,0,0,0,0,0,0,0,0,1,0,0
352,1.1536254849606848,0,0,0,0,0,0,0,1,0,0,0,0,0,0,0,0,0,0,0,0,0
353,2.1431976872672247,1,0,0,0,0,0,0,0,0,0,0,0,0,0,0,0,0,0,0,0,1
354,-0.16580411811470164,1,0,0,0,0,0,0,0,0,0,0,0,0,1,0,0,0,0,0,0,0
355,-0.9904476200368182,1,0,0,0,0,0,0,0,0,0,0,0,0,0,0,0,0,0,1,0,0
356,-0.4131971686913366,1,0,0,0,1,0,0,0,0,0,0,0,0,0,0,0,0,0,0,0,0
357,-0.49566151888354826,1,0,0,0,1,0,0,0,0,0,0,0,0,0,0,0,0,0,0,0,0
358,2.1431976872672247,1,0,0,1,0,0,0,0,0,0,0,0,0,0,0,0,0,0,0,0,0
359,-0.8255189196523949,1,0,0,0,0,0,0,0,0,0,0,0,0,0,1,0,0,0,0,0,0
360,-0.8255189196523949,1,0,0,0,0,0,0,0,0,0,0,0,0,0,0,0,0,0,1,0,0
361,-0.4131971686913366,1,0,0,0,0,0,0,0,0,0,0,0,0,0,0,0,0,0,1,0,0
362,1.40101853553732,1,0,0,0,0,0,1,0,0,0,0,0,0,0,0,0,0,0,0,0,0
363,-0.49566151888354826,1,0,0,0,0,0,0,0,0,0,0,0,0,0,0,0,0,0,1,0,0
364,-0.9079832698446065,0,0,0,0,0,0,0,0,0,0,0,0,0,0,0,0,0,0,1,0,0
365,-0.4131971686913366,1,0,0,0,0,0,0,0,0,0,0,0,0,1,0,0,0,0,0,0,0
366,-0.33073281849912495,1,0,0,1,0,0,0,0,0,0,0,0,0,0,0,0,0,0,0,0,0
367,1.8958046366905899,1,0,0,0,0,0,0,0,0,0,0,0,0,0,0,1,0,0,0,0,0
368,-0.4131971686913366,1,0,0,0,0,0,0,0,0,0,0,0,0,0,0,0,0,1,0,0,0
369,-0.5781258690757599,1,0,0,0,0,0,0,0,0,0,0,0,0,0,0,0,0,0,1,0,0
370,0.41144633323078,1,0,0,1,0,0,0,0,0,0,0,0,0,0,0,0,0,0,0,0,0
371,-0.9904476200368182,1,0,0,0,1,0,0,0,0,0,0,0,0,0,0,0,0,0,0,0,0
372,1.1536254849606848,1,0,0,0,0,0,0,0,0,0,0,0,0,0,0,0,0,0,0,1,0
373,1.7308759363061665,1,0,0,0,0,0,0,0,0,0,0,0,0,1,0,0,0,0,0,0,0
374,-0.4131971686913366,0,1,0,0,0,0,0,0,0,0,0,0,0,0,0,0,0,0,0,0,0
375,0.7413037339996266,0,0,0,0,0,0,0,0,0,0,0,0,0,0,0,0,0,0,0,0,1
376,1.8958046366905899,1,0,0,1,0,0,0,0,0,0,0,0,0,0,0,0,0,0,0,0,0
377,-0.9904476200368182,1,0,0,0,1,0,0,0,0,0,0,0,0,0,0,0,0,0,0,0,0
378,0.32898198303856835,0,0,0,0,0,0,0,0,0,0,0,0,0,0,0,0,0,0,0,0,0
379,-0.4131971686913366,1,0,0,0,1,0,0,0,0,0,0,0,0,0,0,0,0,0,0,0,0
380,-1.07291197022903,0,0,0,0,0,0,0,0,0,0,0,0,0,0,0,0,0,0,1,0,0
381,-1.1553763204212415,1,0,0,0,0,0,0,0,0,0,0,0,0,0,0,0,0,0,1,0,0
382,-0.6605902192679716,1,0,0,0,0,0,0,0,0,0,0,0,0,0,0,0,0,0,0,0,1
383,0.6588393838074149,1,0,0,0,0,0,0,0,0,0,0,0,0,0,1,0,0,0,0,0,0
384,-0.49566151888354826,1,0,0,0,0,0,0,0,0,0,0,0,0,0,0,0,0,0,0,0,0
385,-0.9904476200368182,1,0,0,0,0,0,0,0,0,0,0,0,0,0,0,0,0,0,1,0,0
386,-0.9904476200368182,1,0,0,0,0,0,0,0,0,0,0,0,0,0,0,0,0,0,1,0,0
387,1.3185541853451082,0,0,0,0,0,0,0,0,0,0,0,0,0,0,0,0,0,0,0,0,1
388,0.49391068342299166,0,0,0,0,0,0,0,0,0,0,0,0,0,0,0,0,0,0,0,0,1
389,-0.5781258690757599,0,0,0,0,0,0,0,0,0,0,0,0,0,1,0,0,0,0,0,0,0
390,0.9886967845762615,1,0,0,0,0,0,0,0,0,0,0,0,0,0,1,0,0,0,0,0,0
391,-1.3203050208056648,0,0,0,0,0,0,0,0,0,0,0,0,0,0,0,0,0,0,0,0,1
392,-0.5781258690757599,1,0,0,0,0,0,0,0,0,0,0,1,0,0,0,0,0,0,0,0,0
393,-0.9079832698446065,1,0,0,0,0,0,0,0,0,0,0,0,0,0,0,0,0,0,0,0,0
394,-0.5781258690757599,1,0,0,0,0,0,0,0,0,0,0,0,0,0,1,0,0,0,0,0,0
395,1.5659472359217432,1,0,0,0,0,0,0,0,0,0,0,1,0,0,0,0,0,0,0,0,0
396,-0.8255189196523949,1,0,0,0,0,0,0,0,0,0,0,0,0,0,0,0,0,0,1,0,0
397,1.2360898351528966,0,0,0,0,0,0,0,0,0,0,0,0,0,0,0,0,0,0,0,0,1
398,-0.9904476200368182,1,0,0,0,0,0,0,0,0,0,0,0,0,1,0,0,0,0,0,0,0
399,-1.2378406706134533,1,0,0,0,0,0,0,0,0,0,0,0,0,0,0,0,0,0,1,0,0
400,1.3185541853451082,0,0,0,0,0,0,0,0,0,0,0,0,0,0,0,0,0,0,0,0,0
401,1.813340286498378,1,0,0,1,0,0,0,0,0,0,0,0,0,0,0,0,0,0,0,0,0
402,-0.5781258690757599,0,0,0,0,0,0,0,0,0,0,0,0,0,0,0,0,0,0,0,0,0
403,-0.33073281849912495,1,0,0,0,0,0,0,0,0,0,0,1,0,0,0,0,0,0,0,0,0
404,-0.08333976792248997,1,0,0,0,0,0,0,0,0,0,1,0,0,0,0,0,0,0,0,0,0
405,-1.3203050208056648,1,0,0,0,0,0,0,0,0,0,0,0,0,0,0,0,0,0,1,0,0
406,1.0711611347684733,0,0,0,0,0,0,0,0,0,0,0,0,0,0,0,0,0,0,0,0,0
407,-0.4131971686913366,1,0,0,0,1,0,0,0,0,0,0,0,0,0,0,0,0,0,0,0,0
408,-1.1553763204212415,1,0,0,0,0,0,0,0,0,0,0,0,0,0,0,0,0,0,1,0,0
409,0.7413037339996266,1,0,0,0,0,0,0,0,0,0,1,0,0,0,0,0,0,0,0,0,0
410,-1.1553763204212415,1,0,0,0,0,0,0,0,0,0,0,0,0,0,0,0,0,0,1,0,0
411,0.9062324343840499,0,0,0,1,0,0,0,0,0,0,0,0,0,0,0,0,0,0,0,0,0
412,0.32898198303856835,1,0,0,0,1,0,0,0,0,0,0,0,0,0,0,0,0,0,0,0,0
413,0.164053282654145,1,0,0,0,1,0,0,0,0,0,0,0,0,0,0,0,0,0,0,0,0
414,-0.2482684683069133,1,0,0,0,0,0,0,0,0,0,0,0,0,0,0,0,0,1,0,0,0
415,1.5659472359217432,0,0,0,0,0,0,0,0,0,0,0,0,0,0,0,0,0,0,0,0,0
416,-0.49566151888354826,1,0,0,0,1,0,0,0,0,0,0,0,0,0,0,0,0,0,0,0,0
417,-1.2378406706134533,0,0,0,0,0,0,0,0,0,0,0,0,0,0,0,0,0,0,1,0,0
418,-1.07291197022903,1,0,0,0,0,0,0,0,0,0,0,0,0,0,0,0,0,0,1,0,0
419,-0.08333976792248997,1,0,0,0,0,0,0,0,0,0,0,0,0,0,0,0,0,1,0,0,0
420,0.8237680841918382,0,0,0,0,0,0,0,0,0,0,0,0,0,1,0,0,0,0,0,0,0
421,-0.5781258690757599,1,0,0,0,0,0,0,0,0,0,0,0,0,0,0,0,0,0,0,1,0
422,0.164053282654145,1,0,0,0,0,0,1,0,0,0,0,0,0,0,0,0,0,0,0,0,0
423,1.40101853553732,1,0,0,0,0,0,0,0,0,0,0,0,0,0,0,0,0,0,0,0,1
424,-1.4852337211900881,0,0,0,0,0,0,0,0,0,0,0,0,0,0,0,0,0,0,1,0,0
425,-0.7430545694601832,1,0,0,0,0,0,0,0,0,0,0,0,0,0,1,0,0,0,0,0,0
426,0.9062324343840499,1,0,0,0,0,0,0,0,0,0,0,0,0,1,0,0,0,0,0,0,0
427,1.9782689868828014,1,0,0,1,0,0,0,0,0,0,0,0,0,0,0,0,0,0,0,0,0
428,-0.16580411811470164,1,0,0,0,0,0,0,0,0,0,0,0,0,0,0,0,0,1,0,0,0
429,-0.4131971686913366,0,0,0,1,0,0,0,0,0,0,0,0,0,0,0,0,0,0,0,0,0
430,0.08158893246193334,0,0,0,1,0,0,0,0,0,0,0,0,0,0,0,0,0,0,0,0,0
431,-0.33073281849912495,0,0,0,0,0,0,0,0,0,0,0,0,0,0,0,0,0,0,0,0,1
432,2.8853768389971295,1,0,0,0,0,0,1,0,0,0,0,0,0,0,0,0,0,0,0,0,0
433,-0.16580411811470164,1,0,0,0,0,0,0,0,0,0,0,0,0,0,0,0,0,0,1,0,0
434,-0.9079832698446065,1,0,0,0,1,0,0,0,0,0,0,0,0,0,0,0,0,0,0,0,0
435,1.6484115861139548,0,0,0,0,0,0,0,0,0,0,0,0,0,0,0,0,0,0,0,0,0
436,2.555519438228283,1,0,0,0,0,0,0,0,0,0,0,0,0,0,0,1,0,0,0,0,0
437,0.49391068342299166,1,0,0,0,0,0,0,0,0,0,0,0,0,0,0,0,0,0,1,0,0
438,-1.1553763204212415,1,0,0,0,0,0,0,0,0,0,0,0,0,0,0,0,0,0,1,0,0
439,-0.8255189196523949,1,0,0,0,0,1,0,0,0,0,0,0,0,0,0,0,0,0,0,0,0
440,0.41144633323078,1,0,0,1,0,0,0,0,0,0,0,0,0,0,0,0,0,0,0,0,0
441,-0.0008754177302783101,1,0,0,1,0,0,0,0,0,0,0,0,0,0,0,0,0,0,0,0,0
442,2.802912488804918,1,0,0,0,0,0,0,0,0,0,0,0,0,0,0,1,0,0,0,0,0
443,1.813340286498378,1,0,0,1,0,0,0,0,0,0,0,0,0,0,0,0,0,0,0,0,0
444,1.1536254849606848,1,0,0,0,0,0,1,0,0,0,0,0,0,0,0,0,0,0,0,0,0
445,0.164053282654145,0,0,0,0,0,0,0,0,0,0,0,0,0,0,0,0,0,0,1,0,0
446,-0.16580411811470164,1,0,0,1,0,0,0,0,0,0,0,0,0,0,0,0,0,0,0,0,0
447,-1.4852337211900881,1,0,0,0,0,0,0,0,0,0,0,0,0,0,0,0,0,0,1,0,0
448,-1.4027693709978766,1,0,0,0,0,0,0,0,0,0,0,0,0,0,0,0,0,0,1,0,0
449,2.8853768389971295,1,0,0,0,0,0,0,0,0,0,1,0,0,0,0,0,0,0,0,0,0
450,-1.1553763204212415,1,0,0,0,0,0,0,0,0,0,0,0,0,0,0,0,0,0,1,0,0
451,-0.6605902192679716,1,0,0,0,0,0,0,0,0,0,0,0,0,1,0,0,0,0,0,0,0
452,-1.3203050208056648,0,0,0,0,0,0,0,0,0,0,0,0,0,0,0,0,0,0,1,0,0
453,-1.07291197022903,1,0,0,0,0,0,0,0,0,1,0,0,0,0,0,0,0,0,0,0,0
454,1.3185541853451082,1,0,0,1,0,0,0,0,0,0,0,0,0,0,0,0,0,0,0,0,0
455,1.8958046366905899,0,0,0,0,0,0,0,0,0,0,1,0,0,0,0,0,0,0,0,0,0
456,-1.3203050208056648,1,0,0,0,0,0,0,0,0,0,0,0,0,0,0,0,0,0,1,0,0
457,-0.2482684683069133,0,0,0,1,0,0,0,0,0,0,0,0,0,0,0,0,0,0,0,0,0
458,-0.7430545694601832,1,0,0,0,0,0,0,0,0,0,0,0,0,0,1,0,0,0,0,0,0
459,-0.9079832698446065,1,0,0,0,0,0,0,0,0,0,0,0,0,1,0,0,0,0,0,0,0
460,-0.9904476200368182,0,0,0,0,0,0,0,0,0,0,0,0,0,0,0,0,0,0,1,0,0
461,-0.0008754177302783101,1,0,0,0,0,0,0,0,0,0,0,0,0,0,1,0,0,0,0,0,0
462,-1.2378406706134533,0,1,0,0,0,0,0,0,0,0,0,0,0,0,0,0,0,0,0,0,0
463,-1.07291197022903,1,0,0,0,0,0,0,0,0,0,0,0,0,0,1,0,0,0,0,0,0
464,-0.08333976792248997,1,0,0,0,1,0,0,0,0,0,0,0,0,0,0,0,0,0,0,0,0
465,-0.49566151888354826,1,0,0,0,0,0,0,0,0,0,0,0,0,0,1,0,0,0,0,0,0
466,1.2360898351528966,0,0,0,0,0,0,0,1,0,0,0,0,0,0,0,0,0,0,0,0,0
467,-0.9904476200368182,1,0,0,0,0,0,0,0,0,0,0,0,0,1,0,0,0,0,0,0,0
468,-0.9904476200368182,1,0,0,0,0,0,0,0,0,0,0,0,0,0,0,0,0,0,1,0,0
469,0.9886967845762615,1,0,0,0,0,0,0,0,0,0,1,0,0,0,0,0,0,0,0,0,0
470,1.6484115861139548,1,0,0,1,0,0,0,0,0,0,0,0,0,0,0,0,0,0,0,0,0
471,0.32898198303856835,1,0,0,1,0,0,0,0,0,0,0,0,0,0,0,0,0,0,0,0,0
472,1.7308759363061665,1,0,0,0,0,0,0,0,0,0,0,0,0,0,0,0,0,1,0,0,0
473,-0.5781258690757599,0,0,0,0,0,0,0,0,0,0,0,0,0,0,0,0,0,0,0,0,1
474,-1.5676980713822999,0,0,0,0,0,0,0,0,0,0,0,0,0,0,0,0,0,0,1,0,0
475,-1.4027693709978766,1,0,0,0,0,0,0,0,0,0,0,0,0,0,0,0,0,0,1,0,0
476,-1.3203050208056648,0,0,0,0,0,0,0,0,0,0,0,0,0,0,0,0,0,0,0,0,1
477,-1.4027693709978766,1,0,0,0,0,0,0,0,0,0,0,0,0,0,0,0,0,0,1,0,0
478,-0.7430545694601832,1,0,0,0,0,0,0,0,0,0,0,0,0,0,1,0,0,0,0,0,0
479,1.3185541853451082,0,0,0,1,0,0,0,0,0,0,0,0,0,0,0,0,0,0,0,0,0
480,-1.2378406706134533,1,0,0,0,0,0,0,0,0,0,0,0,0,0,0,0,0,0,1,0,0
481,-0.5781258690757599,1,0,0,0,0,0,0,0,0,0,0,0,0,0,1,0,0,0,0,0,0
482,-0.9079832698446065,1,0,0,0,0,0,0,0,0,0,0,0,0,0,0,0,0,1,0,0,0
483,-0.8255189196523949,1,0,0,0,1,0,0,0,0,0,0,0,0,0,0,0,0,0,0,0,0
484,0.9886967845762615,0,0,0,0,0,0,0,0,0,0,0,0,0,1,0,0,0,0,0,0,0
485,-0.6605902192679716,0,0,0,0,0,0,0,1,0,0,0,0,0,0,0,0,0,0,0,0,0
486,-1.3203050208056648,1,0,0,0,0,0,0,0,0,0,0,0,0,0,0,0,0,0,1,0,0
487,0.08158893246193334,1,0,0,0,0,0,0,0,0,0,0,0,0,0,1,0,0,0,0,0,0
488,0.41144633323078,1,0,0,0,1,0,0,0,0,0,0,0,0,0,0,0,0,0,0,0,0
489,-0.9904476200368182,1,0,0,0,0,0,0,0,0,0,0,0,0,1,0,0,0,0,0,0,0
490,-0.33073281849912495,1,0,0,0,0,0,0,0,0,0,0,0,0,1,0,0,0,0,0,0,0
491,0.9062324343840499,1,0,0,0,1,0,0,0,0,0,0,0,0,0,0,0,0,0,0,0,0
492,0.6588393838074149,0,0,0,0,0,0,0,0,0,0,1,0,0,0,0,0,0,0,0,0,0
493,-1.1553763204212415,1,0,0,0,0,0,0,0,0,0,0,0,0,0,0,0,0,0,1,0,0
494,-0.8255189196523949,1,0,0,0,0,0,0,0,0,0,0,0,0,0,0,0,0,0,1,0,0
495,-1.3203050208056648,0,0,0,0,0,0,0,0,0,0,0,0,0,0,0,0,0,0,1,0,0
496,0.41144633323078,1,0,0,0,0,0,0,0,0,0,0,0,0,0,0,0,0,1,0,0,0
497,1.40101853553732,1,0,0,0,0,0,0,0,0,0,0,0,0,0,0,1,0,0,0,0,0
498,-0.5781258690757599,1,0,0,0,0,0,0,0,0,0,0,0,0,0,1,0,0,0,0,0,0
499,-1.4027693709978766,0,0,0,0,0,0,0,0,0,0,0,0,0,0,0,0,0,0,1,0,0
500,0.49391068342299166,1,0,0,1,0,0,0,0,0,0,0,0,0,0,0,0,0,0,0,0,0
501,0.7413037339996266,1,0,0,0,1,0,0,0,0,0,0,0,0,0,0,0,0,0,0,0,0
502,0.6588393838074149,1,0,0,0,1,0,0,0,0,0,0,0,0,0,0,0,0,0,0,0,0
503,-0.2482684683069133,1,0,0,0,0,0,1,0,0,0,0,0,0,0,0,0,0,0,0,0,0
504,-0.5781258690757599,0,0,0,0,0,0,0,0,0,0,0,0,0,0,0,0,0,0,1,0,0
505,1.3185541853451082,0,0,0,0,0,0,0,1,0,0,0,0,0,0,0,0,0,0,0,0,0
506,-0.08333976792248997,1,0,0,0,0,0,0,0,0,0,0,0,0,0,1,0,0,0,0,0,0
507,-0.2482684683069133,1,0,0,1,0,0,0,0,0,0,0,0,0,0,0,0,0,0,0,0,0
508,-0.6605902192679716,1,0,0,0,0,0,0,0,0,0,0,0,0,0,0,0,0,0,1,0,0
509,-0.49566151888354826,1,0,0,0,0,0,0,0,0,0,0,0,0,0,1,0,0,0,0,0,0
510,-0.6605902192679716,1,0,0,0,0,0,0,0,0,0,0,0,0,1,0,0,0,0,0,0,0
511,-0.33073281849912495,1,0,0,0,1,0,0,0,0,0,0,0,0,0,0,0,0,0,0,0,0
512,-0.7430545694601832,1,0,0,0,0,0,0,0,0,0,0,0,0,0,0,0,0,0,0,0,0
513,0.8237680841918382,1,0,0,0,0,0,0,0,0,0,0,0,0,0,0,0,0,0,0,0,0
514,0.08158893246193334,1,0,0,0,0,0,0,0,0,0,1,0,0,0,0,0,0,0,0,0,0
515,-0.4131971686913366,0,0,0,0,0,0,0,0,0,0,0,0,0,0,0,0,0,0,0,0,1
516,0.24651763284635667,1,0,0,0,0,0,0,0,0,0,0,0,0,1,0,0,0,0,0,0,0
517,-0.33073281849912495,1,0,0,0,0,0,0,0,0,0,0,0,0,0,0,0,0,0,0,1,0
518,-1.07291197022903,1,0,0,0,0,0,0,0,0,0,0,0,0,0,1,0,0,0,0,0,0
519,1.40101853553732,1,0,0,1,0,0,0,0,0,0,0,0,0,0,0,0,0,0,0,0,0
520,-1.7326267717667232,0,0,0,0,0,0,0,0,0,0,0,0,0,0,0,0,0,0,1,0,0
521,-0.0008754177302783101,1,0,0,0,0,0,0,0,0,0,0,0,0,1,0,0,0,0,0,0,0
522,-0.33073281849912495,1,0,0,0,0,0,0,0,0,0,0,0,0,0,1,0,0,0,0,0,0
523,-1.1553763204212415,1,0,0,0,0,0,0,0,0,0,0,0,0,1,0,0,0,0,0,0,0
524,-1.1553763204212415,0,0,0,0,0,0,0,0,0,0,0,0,0,0,0,0,0,0,1,0,0
525,-0.08333976792248997,1,0,0,0,0,0,0,0,0,1,0,0,0,0,0,0,0,0,0,0,0
526,-0.9079832698446065,1,0,0,0,0,0,0,0,0,0,0,0,0,0,1,0,0,0,0,0,0
527,0.6588393838074149,1,0,0,0,0,0,0,0,0,0,1,0,0,0,0,0,0,0,0,0,0
528,-0.49566151888354826,1,0,0,0,0,0,0,0,0,0,0,0,0,0,0,0,0,0,1,0,0
529,-0.16580411811470164,1,0,0,1,0,0,0,0,0,0,0,0,0,0,0,0,0,0,0,0,0
530,-0.7430545694601832,1,0,0,0,0,0,0,0,0,0,0,0,0,1,0,0,0,0,0,0,0
531,0.08158893246193334,1,0,0,0,0,0,0,0,0,0,0,0,0,0,0,0,1,0,0,0,0
532,-0.0008754177302783101,1,0,0,1,0,0,0,0,0,0,0,0,0,0,0,0,0,0,0,0,0
533,-0.0008754177302783101,1,0,0,0,1,0,0,0,0,0,0,0,0,0,0,0,0,0,0,0,0
534,0.7413037339996266,0,0,0,0,0,0,0,1,0,0,0,0,0,0,0,0,0,0,0,0,0
535,2.1431976872672247,1,0,0,0,0,0,0,0,0,0,0,0,0,0,1,0,0,0,0,0,0
536,-0.6605902192679716,1,0,0,0,0,0,0,0,0,0,0,0,0,0,0,0,0,0,0,0,1
537,-0.7430545694601832,1,0,0,0,0,0,0,0,0,0,0,0,0,1,0,0,0,0,0,0,0
538,-0.49566151888354826,0,0,0,0,0,0,0,0,0,0,0,0,0,0,1,0,0,0,0,0,0
539,0.8237680841918382,1,0,0,0,0,0,0,0,0,0,0,0,0,1,0,0,0,0,0,0,0
540,1.40101853553732,0,0,0,0,0,0,0,0,0,0,1,0,0,0,0,0,0,0,0,0,0
541,-0.6605902192679716,1,0,0,1,0,0,0,0,0,0,0,0,0,0,0,0,0,0,0,0,0
542,1.40101853553732,0,0,0,0,0,0,0,0,0,0,1,0,0,0,0,0,0,0,0,0,0
543,-1.07291197022903,0,0,0,0,0,0,0,0,0,0,0,0,0,0,0,0,0,0,1,0,0
544,1.813340286498378,0,0,0,0,0,0,0,0,0,0,1,0,0,0,0,0,0,0,0,0,0
545,-0.6605902192679716,0,0,0,0,0,0,0,0,1,0,0,0,0,0,0,0,0,0,0,0,0
546,-1.07291197022903,1,0,0,0,0,0,0,0,0,0,0,0,0,1,0,0,0,0,0,0,0
547,-1.2378406706134533,1,0,0,0,0,0,0,0,0,0,0,0,0,0,0,0,0,0,1,0,0
548,-0.9904476200368182,0,0,0,0,0,0,0,0,0,0,0,0,0,0,0,0,0,0,1,0,0
549,-0.9904476200368182,0,0,0,0,0,0,0,0,0,0,0,0,0,0,0,0,0,0,1,0,0
550,-0.6605902192679716,1,0,0,0,1,0,0,0,0,0,0,0,0,0,0,0,0,0,0,0,0
551,-1.07291197022903,1,0,0,0,0,0,0,0,0,0,0,0,0,0,0,0,0,0,0,1,0
552,0.164053282654145,0,0,0,0,0,0,0,0,0,0,0,0,0,0,0,0,0,0,0,0,0
553,-0.8255189196523949,1,0,0,0,0,0,0,0,0,0,0,0,0,0,0,0,0,0,0,1,0
554,0.6588393838074149,1,0,0,0,0,0,0,0,0,0,0,0,0,0,0,0,0,0,0,1,0
555,0.24651763284635667,0,0,0,0,0,0,0,0,0,0,0,0,0,1,0,0,0,0,0,0,0
556,-0.8255189196523949,0,0,0,0,0,1,0,0,0,0,0,0,0,0,0,0,0,0,0,0,0
557,1.3185541853451082,0,0,0,0,0,0,0,0,1,0,0,0,0,0,0,0,0,0,0,0,0
558,-0.2482684683069133,1,0,0,0,0,0,1,0,0,0,0,0,0,0,0,0,0,0,0,0,0
559,-0.7430545694601832,1,0,0,0,0,0,0,0,0,0,0,0,0,0,0,0,0,0,1,0,0
560,-0.2482684683069133,0,0,0,0,0,0,0,0,0,0,0,0,0,0,0,0,0,1,0,0,0
561,0.5763750336152033,0,0,0,1,0,0,0,0,0,0,0,0,0,0,0,0,0,0,0,0,0
562,0.8237680841918382,0,0,0,0,0,0,0,0,0,0,0,0,0,1,0,0,0,0,0,0,0
563,-0.7430545694601832,0,0,0,0,0,0,0,0,0,0,0,0,0,1,0,0,0,0,0,0,0
564,-0.4131971686913366,0,0,0,0,0,0,0,1,0,0,0,0,0,0,0,0,0,0,0,0,0
565,-0.33073281849912495,1,0,0,0,0,0,0,0,0,0,0,0,0,0,1,0,0,0,0,0,0
566,0.08158893246193334,1,0,0,0,0,0,0,0,0,0,0,0,0,0,0,0,0,0,0,1,0
567,0.08158893246193334,1,0,0,0,0,0,0,0,0,0,0,0,0,0,0,0,0,0,0,1,0
568,-0.7430545694601832,1,0,0,0,0,0,0,0,0,0,0,0,0,0,0,0,0,0,0,0,1
569,-0.2482684683069133,1,0,0,0,0,0,0,0,0,0,0,0,0,0,1,0,0,0,0,0,0
570,0.6588393838074149,1,0,0,0,0,0,0,0,0,0,0,0,0,0,0,0,0,0,0,0,1
571,-0.7430545694601832,1,0,0,0,1,0,0,0,0,0,0,0,0,0,0,0,0,0,0,0,0
572,-1.2378406706134533,1,0,0,0,0,0,0,0,0,0,0,0,0,1,0,0,0,0,0,0,0
573,-0.49566151888354826,1,0,0,0,0,0,0,0,0,0,0,0,0,0,0,0,0,0,0,0,0
574,-0.08333976792248997,1,0,0,0,0,0,0,0,0,0,0,0,0,1,0,0,0,0,0,0,0
575,-0.49566151888354826,1,0,0,0,0,0,0,0,0,0,0,0,0,0,0,0,0,0,0,0,0
576,-0.8255189196523949,0,0,0,0,0,0,0,0,0,0,0,0,0,1,0,0,0,0,0,0,0
577,2.1431976872672247,1,0,0,0,0,0,0,0,0,0,0,0,0,0,0,1,0,0,0,0,0
578,1.813340286498378,1,0,0,0,0,0,0,0,0,0,0,0,0,0,0,0,1,0,0,0,0
579,2.060733337075013,0,0,0,0,0,0,0,0,0,0,1,0,0,0,0,0,0,0,0,0,0
580,0.8237680841918382,0,0,0,1,0,0,0,0,0,0,0,0,0,0,0,0,0,0,0,0,0
581,-0.33073281849912495,0,0,0,0,0,0,0,0,0,0,0,0,1,0,0,0,0,0,0,0,0
582,-0.6605902192679716,1,0,0,0,0,0,0,0,0,0,0,0,0,0,0,0,0,0,1,0,0
583,-0.5781258690757599,1,0,0,0,0,0,0,0,0,0,0,0,0,0,0,0,0,0,1,0,0
584,-1.1553763204212415,0,0,0,0,0,0,0,0,0,0,0,0,0,0,0,0,0,0,1,0,0
585,0.08158893246193334,0,0,0,0,0,0,0,0,0,0,0,0,0,1,0,0,0,0,0,0,0
586,-1.4027693709978766,1,0,0,0,0,0,0,0,0,0,0,0,0,0,0,0,0,0,1,0,0
587,-0.5781258690757599,1,0,0,0,0,0,0,0,0,0,0,0,0,0,0,0,0,1,0,0,0
588,-0.5781258690757599,0,0,0,1,0,0,0,0,0,0,0,0,0,0,0,0,0,0,0,0,0
589,0.6588393838074149,1,0,0,0,0,0,0,0,0,0,0,0,0,1,0,0,0,0,0,0,0
590,2.9678411891893415,1,0,0,0,1,0,0,0,0,0,0,0,0,0,0,0,0,0,0,0,0
591,-0.4131971686913366,1,0,0,0,0,0,0,0,0,0,0,0,0,0,0,0,0,0,0,0,0
592,-0.49566151888354826,1,0,0,0,0,0,0,0,0,0,0,0,0,0,0,0,0,0,1,0,0
593,-0.6605902192679716,1,0,0,0,0,0,0,0,0,0,0,0,0,0,0,0,0,0,1,0,0
594,1.3185541853451082,1,0,0,0,0,0,0,0,0,0,0,0,0,0,0,0,0,0,0,0,1
595,-1.1553763204212415,1,0,0,0,0,0,0,0,0,0,0,0,0,0,0,0,0,0,1,0,0
596,-0.33073281849912495,1,0,0,0,0,0,0,0,0,0,0,0,0,0,0,0,0,0,1,0,0
597,-0.33073281849912495,1,0,0,0,0,0,0,0,0,0,1,0,0,0,0,0,0,0,0,0,0
598,2.39059073784386,1,0,0,0,0,0,0,0,0,0,0,0,0,0,1,0,0,0,0,0,0
599,-0.0008754177302783101,1,0,0,0,0,0,0,0,0,0,0,0,0,0,0,0,0,0,1,0,0
600,-0.2482684683069133,1,0,0,0,0,0,0,0,0,0,0,0,0,0,0,0,0,0,1,0,0
601,1.2360898351528966,1,0,0,0,0,0,0,0,0,0,0,0,0,0,1,0,0,0,0,0,0
602,-1.1553763204212415,1,0,0,0,0,0,0,0,0,0,0,0,0,0,0,0,0,0,1,0,0
603,-1.07291197022903,0,1,0,0,0,0,0,0,0,0,0,0,0,0,0,0,0,0,0,0,0
604,1.0711611347684733,1,0,0,0,0,0,0,0,0,0,0,0,0,0,0,0,0,0,0,0,0
605,0.164053282654145,0,0,0,0,1,0,0,0,0,0,0,0,0,0,0,0,0,0,0,0,0
606,-1.3203050208056648,0,0,0,0,0,0,0,0,0,0,0,0,0,0,0,0,0,0,1,0,0
607,1.40101853553732,1,0,0,0,0,0,0,0,0,0,0,0,0,0,0,0,0,0,0,0,0
608,-0.4131971686913366,1,0,0,0,0,0,0,0,0,0,0,0,0,1,0,0,0,0,0,0,0
609,-0.5781258690757599,1,0,0,0,0,0,0,0,0,0,0,0,0,0,0,0,0,0,0,1,0
610,0.49391068342299166,1,0,0,0,0,0,0,0,0,0,0,0,0,0,1,0,0,0,0,0,0
611,-0.9904476200368182,1,0,0,0,0,0,0,0,0,0,0,0,0,0,0,0,0,0,1,0,0
612,-0.16580411811470164,1,0,0,1,0,0,0,0,0,0,0,0,0,0,0,0,0,0,0,0,0
613,-0.33073281849912495,1,0,0,0,0,0,0,0,0,0,0,0,0,0,1,0,0,0,0,0,0
614,-0.16580411811470164,0,0,0,0,0,0,0,0,0,0,0,0,0,0,0,0,0,0,0,0,1
615,0.49391068342299166,0,0,0,0,0,0,0,0,0,0,0,0,0,0,0,0,0,0,0,0,1
616,0.08158893246193334,1,0,0,0,0,0,0,0,0,0,0,0,0,0,0,0,0,0,0,0,0
617,2.9678411891893415,1,0,0,0,0,0,0,0,0,0,0,0,0,0,0,0,0,0,0,0,0
618,0.41144633323078,1,0,0,1,0,0,0,0,0,0,0,0,0,0,0,0,0,0,0,0,0
619,-0.5781258690757599,0,0,0,0,0,0,0,0,0,0,0,0,0,1,0,0,0,0,0,0,0
620,-0.5781258690757599,1,0,0,0,0,0,0,0,0,0,0,1,0,0,0,0,0,0,0,0,0
621,0.5763750336152033,0,0,0,0,0,0,0,1,0,0,0,0,0,0,0,0,0,0,0,0,0
622,-0.33073281849912495,1,0,0,0,0,0,0,0,0,0,0,0,0,1,0,0,0,0,0,0,0
623,-0.16580411811470164,1,0,0,0,0,0,0,0,0,0,0,0,0,1,0,0,0,0,0,0,0
624,-1.2378406706134533,1,0,0,0,0,0,0,0,0,0,0,0,0,0,0,0,0,0,1,0,0
625,0.24651763284635667,1,0,0,0,1,0,0,0,0,0,0,0,0,0,0,0,0,0,0,0,0
626,-0.5781258690757599,1,1,0,0,0,0,0,0,0,0,0,0,0,0,0,0,0,0,0,0,0
627,0.8237680841918382,1,0,0,0,1,0,0,0,0,0,0,0,0,0,0,0,0,0,0,0,0
628,-0.49566151888354826,1,1,0,0,0,0,0,0,0,0,0,0,0,0,0,0,0,0,0,0,0
629,-0.49566151888354826,1,0,0,0,0,0,0,0,0,0,1,0,0,0,0,0,0,0,0,0,0
630,1.1536254849606848,1,0,0,0,0,0,0,0,0,0,0,0,0,0,0,0,0,0,0,0,1
631,0.9886967845762615,1,0,0,0,0,0,0,0,0,0,0,0,0,0,1,0,0,0,0,0,0
632,-1.07291197022903,1,0,0,0,0,0,0,0,0,0,0,0,0,1,0,0,0,0,0,0,0
633,-0.0008754177302783101,1,0,0,0,0,0,0,0,0,0,0,0,0,0,0,0,0,0,0,0,1
634,-0.6605902192679716,1,0,0,0,0,0,0,0,0,0,0,0,0,1,0,0,0,0,0,0,0
635,0.8237680841918382,0,0,0,0,0,0,1,0,0,0,0,0,0,0,0,0,0,0,0,0,0
636,0.8237680841918382,1,1,0,0,0,0,0,0,0,0,0,0,0,0,0,0,0,0,0,0,0
637,0.164053282654145,0,1,0,0,0,0,0,0,0,0,0,0,0,0,0,0,0,0,0,0,0
638,-0.9079832698446065,1,0,0,0,0,0,0,0,0,0,0,0,0,0,0,0,0,0,1,0,0
639,0.32898198303856835,0,0,0,0,0,1,0,0,0,0,0,0,0,0,0,0,0,0,0,0,0
640,0.41144633323078,1,1,0,0,0,0,0,0,0,0,0,0,0,0,0,0,0,0,0,0,0
641,0.08158893246193334,1,0,0,0,0,0,0,0,0,0,1,0,0,0,0,0,0,0,0,0,0
642,-0.9904476200368182,1,0,0,0,1,0,0,0,0,0,0,0,0,0,0,0,0,0,0,0,0
643,-0.5781258690757599,1,0,0,0,0,0,0,0,0,1,0,0,0,0,0,0,0,0,0,0,0
644,-0.4131971686913366,1,0,0,0,0,0,0,0,0,0,0,0,0,0,0,0,0,0,1,0,0
645,0.9886967845762615,1,0,0,0,1,0,0,0,0,0,0,0,0,0,0,0,0,0,0,0,0
646,-0.0008754177302783101,1,0,0,0,0,0,0,0,0,0,0,0,0,0,0,0,0,0,0,1,0
647,-1.3203050208056648,1,0,0,0,0,0,0,0,0,0,0,0,0,1,0,0,0,0,0,0,0
648,0.9886967845762615,1,0,0,0,0,0,0,0,0,0,0,0,0,0,0,0,0,0,0,0,0
649,1.2360898351528966,1,0,0,0,0,0,0,0,0,0,0,0,0,0,0,0,0,0,0,0,1
650,-0.4131971686913366,0,0,0,0,0,0,0,0,0,0,0,0,0,0,0,0,0,0,1,0,0
651,-1.3203050208056648,0,0,0,0,0,0,0,0,0,0,0,0,0,1,0,0,0,0,0,0,0
652,2.9678411891893415,0,0,0,0,0,0,0,0,0,0,0,0,0,0,0,1,0,0,0,0,0
653,0.32898198303856835,0,0,0,0,0,0,0,0,0,0,0,0,0,0,0,0,0,0,1,0,0
654,-0.7430545694601832,1,0,0,0,0,0,1,0,0,0,0,0,0,0,0,0,0,0,0,0,0
655,-1.4027693709978766,1,0,0,0,0,0,0,0,0,0,0,0,0,0,0,0,0,0,1,0,0
656,-0.5781258690757599,1,0,0,0,0,0,0,0,0,0,0,0,0,0,1,0,0,0,0,0,0
657,-0.7430545694601832,1,1,0,0,0,0,0,0,0,0,0,0,0,0,0,0,0,0,0,0,0
658,-0.8255189196523949,1,0,0,0,0,0,0,0,0,0,0,0,0,0,0,0,0,1,0,0,0
659,-1.07291197022903,1,0,0,0,0,0,0,0,0,0,0,0,0,0,1,0,0,0,0,0,0
660,-0.33073281849912495,1,0,0,0,0,0,0,0,0,0,0,0,0,0,0,0,0,0,1,0,0
661,-0.9904476200368182,1,0,0,0,0,0,0,0,0,0,0,0,0,0,0,0,0,0,1,0,0
662,-0.2482684683069133,1,0,0,0,0,0,1,0,0,0,0,0,0,0,0,0,0,0,0,0,0
663,-1.2378406706134533,0,0,0,0,0,0,0,0,0,0,0,0,0,0,0,0,0,0,1,0,0
664,0.164053282654145,1,0,0,0,0,0,0,0,0,0,0,0,0,0,0,0,0,1,0,0,0
665,-0.8255189196523949,0,0,0,0,0,0,0,0,0,0,0,0,0,0,0,0,0,0,1,0,0
666,-0.33073281849912495,1,0,0,0,0,0,0,0,0,0,0,0,0,1,0,0,0,0,0,0,0
667,1.3185541853451082,0,0,0,1,0,0,0,0,0,0,0,0,0,0,0,0,0,0,0,0,0
668,-1.7326267717667232,1,0,0,0,0,0,0,0,0,0,0,0,0,0,0,0,0,0,1,0,0
669,0.41144633323078,1,0,0,0,0,0,0,0,0,0,0,1,0,0,0,0,0,0,0,0,0
670,0.08158893246193334,1,0,0,0,1,0,0,0,0,0,0,0,0,0,0,0,0,0,0,0,0
671,1.2360898351528966,1,0,0,0,0,0,0,0,0,0,1,0,0,0,0,0,0,0,0,0,0
672,0.8237680841918382,1,0,0,0,1,0,0,0,0,0,0,0,0,0,0,0,0,0,0,0,0
673,-0.33073281849912495,0,0,0,0,0,0,0,0,0,0,0,0,0,1,0,0,0,0,0,0,0
674,-1.1553763204212415,1,0,0,0,0,0,0,0,0,0,0,0,0,0,0,0,0,0,1,0,0
675,-1.6501624215745114,0,0,0,0,0,0,0,0,0,0,0,0,0,0,0,0,0,0,1,0,0
676,-0.8255189196523949,1,0,0,0,0,0,0,0,0,0,0,0,0,0,0,0,0,0,0,1,0
677,-0.16580411811470164,1,0,0,0,0,0,0,0,0,0,0,0,0,0,0,0,0,0,1,0,0
678,1.40101853553732,0,0,0,0,0,0,0,0,0,0,0,0,0,0,0,0,0,0,0,0,0
679,0.164053282654145,1,0,0,0,0,0,0,0,0,0,0,0,0,1,0,0,0,0,0,0,0
680,-0.7430545694601832,1,0,0,0,0,0,0,0,0,0,0,0,0,0,0,0,0,0,1,0,0
681,1.0711611347684733,1,0,0,1,0,0,0,0,0,0,0,0,0,0,0,0,0,0,0,0,0
682,-0.49566151888354826,1,0,0,0,0,0,0,0,0,0,0,0,0,0,0,0,0,0,0,0,1
683,-0.33073281849912495,1,0,0,0,0,0,0,0,0,0,0,0,0,1,0,0,0,0,0,0,0
684,-0.16580411811470164,1,0,0,0,0,0,0,0,0,0,0,0,0,1,0,0,0,0,0,0,0
685,2.1431976872672247,1,0,0,0,0,0,0,0,0,0,0,0,0,0,0,1,0,0,0,0,0
686,0.32898198303856835,1,0,0,0,0,0,1,0,0,0,0,0,0,0,0,0,0,0,0,0,0
687,0.9062324343840499,0,1,0,0,0,0,0,0,0,0,0,0,0,0,0,0,0,0,0,0,0
688,-0.49566151888354826,1,0,0,1,0,0,0,0,0,0,0,0,0,0,0,0,0,0,0,0,0
689,-1.4027693709978766,0,0,0,0,0,0,0,0,0,0,0,0,0,0,0,0,0,0,1,0,0
690,-0.5781258690757599,1,0,0,0,0,0,0,0,0,0,0,0,0,1,0,0,0,0,0,0,0
691,0.9062324343840499,1,0,0,0,0,0,0,0,0,0,1,0,0,0,0,0,0,0,0,0,0
692,-0.7430545694601832,0,0,0,0,0,0,0,0,0,0,0,0,0,1,0,0,0,0,0,0,0
693,0.8237680841918382,0,0,0,0,0,0,0,0,0,0,1,0,0,0,0,0,0,0,0,0,0
694,-0.49566151888354826,1,0,0,0,0,0,0,1,0,0,0,0,0,0,0,0,0,0,0,0,0
695,0.24651763284635667,0,0,0,0,0,0,0,0,0,0,0,0,0,0,0,0,0,0,0,0,1
696,1.40101853553732,1,0,0,0,0,0,0,0,0,0,0,0,0,1,0,0,0,0,0,0,0
697,-0.5781258690757599,1,0,0,0,0,0,0,0,0,0,0,0,0,0,0,0,0,0,1,0,0
698,-0.5781258690757599,1,0,0,0,1,0,0,0,0,0,0,0,0,0,0,0,0,0,0,0,0
699,-0.9904476200368182,0,0,0,0,0,0,0,0,0,0,0,0,0,0,0,0,0,0,1,0,0
700,0.49391068342299166,1,0,0,0,0,0,0,0,0,0,0,0,0,0,0,0,0,1,0,0,0
701,-0.7430545694601832,1,0,0,0,0,0,0,0,0,0,0,0,0,1,0,0,0,0,0,0,0
702,-1.1553763204212415,0,0,0,0,0,0,0,0,0,0,0,0,0,0,0,0,0,0,1,0,0
703,-0.4131971686913366,0,0,0,0,0,0,0,0,0,0,0,0,0,0,0,0,0,0,0,0,0
704,-1.07291197022903,1,0,0,0,0,0,0,0,0,0,0,0,0,0,0,0,0,0,1,0,0
705,-0.4131971686913366,1,0,0,0,0,0,0,0,0,0,0,0,0,1,0,0,0,0,0,0,0
706,-0.9079832698446065,1,0,0,0,0,0,0,0,0,0,0,0,0,0,1,0,0,0,0,0,0
707,-1.07291197022903,1,0,0,0,0,0,0,0,0,0,0,0,0,0,0,0,0,0,1,0,0
708,0.8237680841918382,1,0,0,0,0,0,0,0,0,0,0,0,0,0,0,0,0,1,0,0,0
709,-0.49566151888354826,0,0,0,0,0,0,0,0,0,0,0,0,0,0,0,0,0,1,0,0,0
710,2.1431976872672247,1,0,0,1,0,0,0,0,0,0,0,0,0,0,0,0,0,0,0,0,0
711,1.9782689868828014,1,0,0,1,0,0,0,0,0,0,0,0,0,0,0,0,0,0,0,0,0
712,-0.49566151888354826,1,0,0,0,0,0,0,0,0,0,0,0,0,0,0,0,0,0,1,0,0
713,2.2256620374594362,1,0,0,0,1,0,0,0,0,0,0,0,0,0,0,0,0,0,0,0,0
714,0.6588393838074149,1,0,1,0,0,0,0,0,0,0,0,0,0,0,0,0,0,0,0,0,0
715,-0.8255189196523949,1,0,0,0,0,0,0,0,0,0,0,0,0,1,0,0,0,0,0,0,0
716,1.1536254849606848,1,0,0,1,0,0,0,0,0,0,0,0,0,0,0,0,0,0,0,0,0
717,0.32898198303856835,0,0,0,0,0,0,0,0,0,0,0,0,0,0,0,0,0,0,0,1,0
718,-0.6605902192679716,0,0,0,0,0,0,0,0,0,0,0,0,0,0,0,0,0,0,1,0,0
719,-0.16580411811470164,1,0,0,0,0,0,0,0,0,0,0,0,0,0,0,0,0,0,0,0,0
720,1.1536254849606848,0,0,0,0,0,0,0,0,0,0,1,0,0,0,0,0,0,0,0,0,0
721,-0.9904476200368182,1,0,0,0,0,0,0,0,0,0,0,0,0,0,0,0,0,0,1,0,0
